time,value
0,-0.31199523187214867
1,-0.2892854351775599
2,-0.5447761516042366
3,-0.7706803729486055
4,-1.0819998766619623
5,-1.2782120327323003
6,-1.4623204742486258
7,-1.804440665136221
8,-2.1102719749528602
9,-2.284649067027929
10,-2.4510747839388958
11,-2.500024126823361
12,-2.490922782114491
13,-2.3457995255589226
14,-2.126957991562406
15,-1.9109874981687478
16,-1.6602541199894756
17,-1.193127667559967
18,-0.8601108139355478
19,-0.3731178233478799
20,0.1047034392726818
21,0.5433587154339111
22,0.9551510328019035
23,1.3266115236003249
24,1.6311084250373078
25,1.916407356680364
26,2.045099883729802
27,2.0736069170888576
28,2.197794503360441
29,2.1778886859305713
30,1.9641223297415866
31,1.7579464681978392
32,1.4994476743589107
33,1.0817716980352194
34,0.6571449217701029
35,0.1394169070249144
36,-0.2385567014290982
37,-0.5968884157951254
38,-0.9786318141554626
39,-1.3558564378970648
40,-1.7001111708095282
41,-1.9459988050478514
42,-2.0424406398719674
43,-2.102273563330014
44,-2.043668631193997
45,-1.9510564178965293
46,-1.7762203691346847
47,-1.6379440242850078
48,-1.3848687762388845
49,-1.0663372196058927
50,-0.5304378173974387
51,-0.041933555513684086
52,0.361834707726785
53,0.741824566302126
54,0.982833362534665
55,1.3544223096163992
56,1.5251631993985215
57,1.713693565595977
58,1.86980199988281
59,1.9169457920911077
60,1.9120324330741643
61,1.9130772152506879
62,1.7374674054192
63,1.3649347266499228
64,0.9703135297892229
65,0.5045480901030143
66,0.11505130346604799
67,-0.3536406635266869
68,-0.6631253459943818
69,-0.8023953815366904
70,-1.256502801756171
71,-1.5456237908634192
72,-1.82983769132292
73,-2.0140208946080445
74,-2.093479908708868
75,-2.187454142707161
76,-2.141439998453852
77,-1.9493282357025112
78,-1.7003838647790246
79,-1.439316507831462
80,-1.1566767143027996
81,-0.5766866353633333
82,-0.10405116258595061
83,0.3752583920990307
84,0.7502221182622811
85,1.066004530828366
86,1.368155205797647
87,1.5570266092177467
88,1.9242221673069815
89,2.059698865864934
90,2.2307177987075777
91,2.165652361637884
92,2.0923878335050774
93,1.9166752443253787
94,1.5444890421761024
95,1.3757703386808744
96,0.9670923377779149
97,0.47193194996889887
98,0.11162649101461977
99,-0.31236410072873155
100,-0.694976147079321
101,-1.0713931913487713
102,-1.5745944308002722
103,-1.897817035112969
104,-2.1477942862389443
105,-2.1706807591826496
106,-2.1982087373506887
107,-2.1080538185109736
108,-2.0086848391107543
109,-1.759326216181546
110,-1.5033620834491042
111,-1.1920982659787973
112,-0.8003798158449628
113,-0.3871208333832065
114,0.2340925926491106
115,0.5538294377946237
116,0.82128461957574
117,1.2167981059869308
118,1.4755896791377163
119,1.5683673277598982
120,1.7009082566504603
121,2.0242832383472416
122,1.984946800530759
123,1.8005348043379257
124,1.8641119157018617
125,1.5629281571190978
126,1.5272902708277265
127,1.1366925529682885
128,0.879264184437798
129,0.4183348180367399
130,0.009086656048757025
131,-0.4409227194252854
132,-0.8709807582758148
133,-1.2190824403032612
134,-1.4961725449099403
135,-1.7375002811622235
136,-1.912259342007022
137,-2.06670325970716
138,-2.076669266332361
139,-1.8676734702565836
140,-1.784019920647612
141,-1.5326570379899964
142,-1.1447992329961714
143,-0.7746978948333177
144,-0.33340348157337857
145,-0.040410471984046265
146,0.3862592144918902
147,0.7562239415589157
148,1.1076850269221201
149,1.5587425331967293
150,1.799998944102876
151,2.0225244918125527
152,2.0035925983820464
153,2.205422109673671
154,2.2325725565413412
155,2.094799548055365
156,1.8609493922065323
157,1.636382334034618
158,1.3936000705573468
159,1.136724690242437
160,0.7567417002289909
161,0.2954693818732115
162,-0.08606405329407191
163,-0.4736414282468125
164,-0.8882723509934612
165,-1.1949179092995748
166,-1.4458895038096762
167,-1.6922671335154904
168,-1.8887725781406899
169,-1.8980145596501403
170,-1.958951108077863
171,-1.9374089382950046
172,-1.7002711373508592
173,-1.3752955316117994
174,-1.0245960645707182
175,-0.6237040973072194
176,-0.39561582024838327
177,0.08414739643480074
178,0.6214299151603393
179,1.0692355698962421
180,1.4698407563306606
181,1.7667107682188588
182,2.0049917243654485
183,2.1378427433298333
184,2.2392250977539625
185,2.140427513211095
186,2.1772027893363557
187,1.9321781703028054
188,1.759377088771355
189,1.551428824194357
190,1.2378758165617156
191,0.9983043018860155
192,0.36582850676535567
193,-0.11760106762514025
194,0.4506080838281949
195,0.7647827872675184
196,1.085313175429259
197,1.4602262191469617
198,1.6011773068769821
199,1.7967293195195029
200,1.9365273635685807
201,1.9559877570506152
202,1.8942148803445116
203,1.6729022231376902
204,1.458055606074522
205,1.1285366369830236
206,0.7621816332239315
207,0.9795105004773724
208,1.073071453978621
209,1.1348151073573873
210,1.4828083271898154
211,1.7650687605867017
212,2.1064902702095134
213,2.2201036027853336
214,2.3419806115335873
215,2.413941023792577
216,2.356753160754916
217,2.2071614631231573
218,2.1269004307492825
219,1.7879354128415708
220,1.4276506232300255
221,1.0950224645963915
222,0.8022019159547403
223,0.3495775954695095
224,-0.11999007468235051
225,-0.5425828730219696
226,-0.9013954304211438
227,-1.2877610400129418
228,-1.5086691360577524
229,-1.678037931538859
230,-1.8877174180487022
231,-1.8474548588926083
232,-1.8959381657412133
233,-1.775574236622014
234,-1.6417207268704923
235,-1.4321365222959261
236,-1.3064630753870778
237,-1.0635767180466444
238,-0.6983328100256658
239,-0.19222158427949254
240,0.2485556602203413
241,0.6285820863284134
242,1.0622751374974275
243,1.4858022977308198
244,1.7606688870624356
245,1.9912912597928283
246,2.137430474572484
247,2.1929773059794644
248,2.1103914757212423
249,1.9501367692790437
250,1.8378025535831566
251,1.681672965831709
252,1.3394660084496655
253,0.9496955158128009
254,0.40601573314845324
255,0.5209630014879527
256,0.9540837758328297
257,1.2065779947814552
258,1.2745368836891744
259,1.7766605506562456
260,1.9587094811940922
261,2.0073161199696306
262,2.136813195298657
263,1.518422019361808
264,1.0588909810874907
265,0.7739199915062938
266,0.47742084100693605
267,0.5091329357615523
268,0.6409338749623269
269,0.8526434604828766
270,1.024799771702069
271,1.198342617931152
272,1.4015197171727267
273,1.5307570630610845
274,1.750153067838447
275,1.795966869949952
276,1.8793697491454464
277,2.073387023356853
278,2.148428686527038
279,2.1827671296011393
280,2.1726755324763483
281,2.0484002565988098
282,1.8389140203894958
283,1.530454536166521
284,1.1162568699469235
285,0.6311782188228864
286,0.19227658313316542
287,-0.21829883040621467
288,-0.6155053098513203
289,-0.9258666785953767
290,-1.2961948654421
291,-1.5562707700564336
292,-1.9191339347739813
293,-1.1669273175953194
294,-0.5880829327659151
295,-0.0746066012804852
296,0.15181082604254373
297,0.07934632465054553
298,0.08901101752652604
299,0.07805135708114572
300,-0.18019083458647867
301,-0.37830131582017457
302,-0.7451641922911207
303,-0.8823575965591793
304,-1.2317084859462761
305,-1.6324966346061975
306,-1.9283375204100526
307,-2.1149355671538834
308,-2.228015674793002
309,-2.2209833027166597
310,-2.308355378281951
311,-2.1963884922261028
312,-2.2110552360421813
313,-2.07703229717715
314,-1.8953000502415738
315,-1.591855104898524
316,-1.1160276569580823
317,-0.7287061424455022
318,-0.3072505627269867
319,-0.6515682810255115
320,-0.9761551544980855
321,-1.3524313393591743
322,-1.732811767829096
323,-1.8343097889415456
324,-2.0526296041349865
325,-2.1829882213554654
326,-2.2200363075040577
327,-2.11193086949381
328,-2.0971066000943974
329,-1.7046145077474755
330,-1.462632767538851
331,-1.0817067161656246
332,-0.8142451320095881
333,-0.38577859342354887
334,0.18771497584600677
335,0.7207487278463285
336,1.1302829108632175
337,0.3964091247266276
338,-0.0652737011945938
339,-0.6745755723967266
340,-1.0945469244652644
341,-1.33318490208462
342,-1.5902830318772074
343,-1.6398421975973902
344,-1.4860048258242864
345,-1.3776064947651558
346,-1.0616711676827126
347,-0.5712519997869625
348,-0.2214607454243646
349,0.19342208058577715
350,0.6514921099620707
351,0.9610784427094854
352,1.3598941313090733
353,1.6173620035686043
354,1.8966289899230082
355,2.1638262603129355
356,2.208467687887536
357,2.0693891665832203
358,1.9909942620727787
359,2.0018458048956074
360,1.746015517920592
361,1.5963474636652315
362,1.2126101924637651
363,0.8446651226496721
364,0.45836228035907584
365,-0.03158428926169063
366,0.3610683981944522
367,0.6368475022736315
368,1.0003690246083985
369,1.3424313027420915
370,1.4511807099351477
371,1.6253696654846457
372,1.824426129947351
373,1.817608031946837
374,1.8623796886331867
375,1.820812658552054
376,1.6684063141104581
377,1.4812549145761018
378,1.2296818789788861
379,1.320896139184198
380,1.3241656951945917
381,1.4927598907405462
382,1.8338681705377362
383,1.9953912473792306
384,2.189873708670474
385,2.279947299201963
386,2.5674899327265166
387,2.562976803632089
388,2.6334252789304267
389,2.675460844920732
390,2.590332085080737
391,2.3957025549362503
392,2.1127174823732804
393,1.6633489157896009
394,1.423537188199346
395,1.0083673489641598
396,0.5514455351642373
397,0.0022698067801109334
398,-0.4294624169644698
399,-0.8452120693371815
400,-0.07768103864334547
401,0.43289055811434113
402,0.850703409154863
403,1.0778142368556396
404,1.242272168424084
405,1.4117730854615012
406,1.2885847650756812
407,1.0360984139344844
408,0.9220910487057429
409,0.7753303792479816
410,0.8432136059573555
411,1.0675465007871043
412,1.2259985974140701
413,1.4139438970497515
414,1.6354284904857657
415,1.8945272326605853
416,2.0594216669323777
417,2.2128981265715275
418,2.3728830431052446
419,2.4052888670771275
420,2.318124336033461
421,2.1131958309226904
422,2.0039395298356224
423,1.9110627542487257
424,1.6675778604204252
425,1.2391809101917306
426,0.8090067806458451
427,0.38879945004343214
428,0.12689929520632368
429,-0.15414160527376328
430,-0.45245430584864216
431,-0.8647414704972183
432,-0.9807123393215604
433,-1.379594442917384
434,-1.6609159356387289
435,-1.749999354816962
436,-1.8113355169969274
437,-1.7802451007174953
438,-1.8464508360174139
439,-1.7299708282335233
440,-1.457448952140359
441,-1.1776933450312161
442,-0.8975242148932093
443,-0.5129334721018752
444,-0.042899934937312076
445,0.45151237240600967
446,0.704570721963218
447,1.0933239107114907
448,1.4200084852370245
449,1.7076493676921798
450,1.8096119022652268
451,1.844283090911042
452,1.9917051029590636
453,1.7352362955852954
454,1.5590204814052417
455,1.3454900748896557
456,1.0718891071448475
457,0.7122223739411536
458,0.4067056437225372
459,0.05713846151720438
460,-0.35296074171173203
461,-0.793985197397727
462,-1.1738643093890953
463,-1.4907102216912809
464,-1.8234656466269015
465,-1.97964030317583
466,-2.036859988753912
467,-1.991333416358906
468,-1.8852677554483306
469,-1.844392674879045
470,-1.6808216974908239
471,-1.4658717854715393
472,-1.1837519903703349
473,-0.8522793699993392
474,-0.4616666911624071
475,0.0424387727237886
476,0.4681950949971827
477,0.7627310159423482
478,1.2116481372235606
479,1.5467434314086967
480,1.8457871261340701
481,2.056135529299882
482,2.1924231904764775
483,2.2491462215818987
484,2.0518168655987075
485,1.972050552254006
486,1.7133960139298112
487,1.4123504319883073
488,1.0958073756337638
489,0.8611937403398104
490,0.36513622483836333
491,-0.05484299603168582
492,-0.4906658859907488
493,-0.8110360930882062
494,-1.2056045441547696
495,-1.5065175181522377
496,-1.846205886161565
497,-1.9333123953442224
498,-2.1577611167089352
499,-2.1308215418740626
500,-2.046022593910744
501,-1.8716461525523707
502,-1.768536184987636
503,-1.4929752064324824
504,-1.0664837988194613
505,-0.5369487310393382
506,-0.15507046747253653
507,0.31138912167987387
508,0.7135102969475576
509,1.0791484033131826
510,1.3815316932285397
511,1.6721306289018398
512,1.9528451187652736
513,2.1596309963264892
514,1.3539134881882011
515,0.7992725697382431
516,0.36819566319530234
517,0.18254244336544956
518,0.09196755905871432
519,0.1689113210840209
520,0.33717210108897866
521,0.36962251961932374
522,0.4722431472584214
523,0.8010801971177519
524,1.227587929442777
525,1.488688495603351
526,1.7226819938126694
527,2.0370486333414988
528,2.2644821537684696
529,2.2729424279955635
530,2.3514576214663756
531,2.2258852205985384
532,2.0501955009739294
533,1.7724747316230465
534,1.414337954491348
535,1.1185682094032325
536,0.6524244385899733
537,0.2900943394144993
538,-0.09766500281509996
539,-0.5121808609364235
540,-0.9352806760428302
541,-1.3380109849435666
542,-0.7231229919133534
543,-0.010561971999530018
544,0.43281885201462394
545,0.7579239152464041
546,0.9141198363745873
547,1.1463101792779633
548,1.101580257579815
549,1.0334004305380649
550,0.8908765830529118
551,0.645158970375488
552,0.22164273498164663
553,-0.05964640506595348
554,-0.4721254742925643
555,-0.7699877972207336
556,-1.1805530841623815
557,-1.5048386920632
558,-1.7381998402343732
559,-1.8595340760084698
560,-1.976473832621606
561,-2.029263846571835
562,-1.9899051686471225
563,-1.9935301229959927
564,-1.7737698387894307
565,-1.578029266612604
566,-1.3093177430648082
567,-0.9575686739030395
568,-0.6019539432664895
569,-0.2676243748830327
570,0.1652581597049284
571,0.5678094811343337
572,0.9431594021374299
573,1.2926497730216688
574,1.42661522463829
575,1.6642947339984233
576,1.9561177095780469
577,2.137739240219619
578,2.1182242803448568
579,2.0132790845326434
580,1.6440490603947924
581,1.373447210642955
582,1.1424503619973891
583,0.7637045641522044
584,0.4655175141727701
585,0.12785352237810738
586,-0.3461460512291205
587,-0.7439903942630253
588,-1.003599702502014
589,-1.4664508394039601
590,-1.7665201498209122
591,-2.0845303224239555
592,-2.2561117960716714
593,-2.1253804675664707
594,-2.1098898219791744
595,-2.1317588324593646
596,-1.9815941516194762
597,-1.8026325309220206
598,-1.4114868283704447
599,-0.9627236335121475
600,-0.4596346379683233
601,0.025334393359460194
602,-0.5144944247414404
603,-0.8775512845324219
604,-1.251484316580331
605,-1.4825684197761464
606,-1.6847921380971196
607,-1.7257441701617258
608,-1.9394453120376762
609,-2.063677065298097
610,-2.042377612907503
611,-1.9024987355648504
612,-1.7319660369105674
613,-1.503628008359501
614,-1.1171209955116779
615,-0.7587272982896445
616,-0.38842840769748405
617,-0.055709615717929595
618,0.2131439694335212
619,0.7658727040492314
620,1.2520803928721302
621,1.6240087021598524
622,1.8989320740012845
623,2.0050411381313804
624,2.1297076779146695
625,2.0284502812401177
626,1.9547361572395758
627,1.7284538462943146
628,1.546660262604955
629,1.3708754918087216
630,0.9201454405799986
631,0.4841686659067146
632,0.08120908783415284
633,-0.47827138422230187
634,-0.9848211325151026
635,-1.2020695836879014
636,-1.497303911139243
637,-1.8161553593113497
638,-2.0137881427186337
639,-2.1724595749458135
640,-2.199316420918185
641,-2.189695476454017
642,-2.067627749321601
643,-1.8064469098947862
644,-1.490644884010924
645,-1.054363871291147
646,-0.674098913691447
647,-0.29098501082653894
648,0.23909553050682902
649,0.6050869870829809
650,0.8057276813302816
651,1.2408032607771118
652,0.5748613296528942
653,-0.0007454924695872603
654,-0.3904425634830294
655,-0.7728021853373203
656,-1.1668981784005923
657,-1.184242099647673
658,-1.2295071706418046
659,-1.1954910765484643
660,-1.1563777938922435
661,-0.7974053837016946
662,-0.6573700008464792
663,-0.15630327426677004
664,0.2160045249465162
665,0.6824523484384435
666,1.0873809317368928
667,1.5677132506033895
668,1.860946943224498
669,2.157244923839703
670,2.231760260366702
671,2.1600238397416534
672,2.2311012270330197
673,2.0039681495518575
674,1.9049848890568708
675,1.5774402176449238
676,1.3067893658127974
677,1.106279583704334
678,0.7482188494491314
679,0.2923903478322195
680,-0.11246109584428716
681,-0.5859150211960262
682,-0.7965275717922794
683,-1.2347529814048617
684,-1.5533293108125075
685,-1.7466053117165972
686,-1.8850735901970697
687,-1.9340099241999738
688,-1.9790802473754707
689,-1.9110055102877033
690,-1.665075898209013
691,-1.3613906212079177
692,-1.042472856620333
693,-0.599039509097764
694,-0.1626326283977792
695,0.27613201715954266
696,0.5187116746524161
697,0.9304280064671683
698,1.294991089433018
699,1.7186311468290818
700,1.7215919082222557
701,1.9108813588465592
702,2.0446979401832843
703,1.9997341985816173
704,1.897026578273495
705,1.912249764952703
706,1.7478030288991002
707,1.620454580066831
708,1.249610527297589
709,0.7417070017242795
710,0.3106346658422199
711,-0.1436948322152447
712,-0.4947861336770318
713,-0.8393931165855913
714,-1.1673626189943374
715,-1.3130523592693817
716,-1.498729986046555
717,-1.7906654087891594
718,-1.8381771819199164
719,-1.887360891852443
720,-1.8665202611869798
721,-1.628529111001849
722,-1.5136752644708023
723,-1.1696173080503836
724,-0.7931223716716029
725,-0.5146005682687421
726,-0.25123857028690094
727,0.16727852945312174
728,0.34829401529334425
729,0.8656801487687552
730,1.262910047226876
731,1.6852131275001732
732,1.9308865059768054
733,2.197483019009323
734,2.197640737321702
735,2.213308497543216
736,2.069358595639863
737,1.8758704262571095
738,1.6291628738438542
739,1.3410559041494015
740,0.912761937243435
741,0.5533529635480257
742,0.13453124027003413
743,-0.3997601264281765
744,-0.9365909266494411
745,-1.1934230979626304
746,-1.69507832884049
747,-1.946260340507947
748,-2.236265264855454
749,-2.184130353557061
750,-2.16888396945677
751,-2.098009294038194
752,-2.0411386579172217
753,-1.942401236949984
754,-1.6349654642361342
755,-1.2904605259189388
756,-0.9862835207984173
757,-0.6428745764246184
758,-0.27853688033767166
759,0.09041790804722372
760,0.4935472110573568
761,0.9389619950190773
762,1.3377470312237685
763,1.6201514506612544
764,1.841623092059908
765,2.0124301890100407
766,1.8871879443115298
767,1.8771600151529395
768,1.8663673728834638
769,1.500450833170626
770,1.0244489579965574
771,0.7262238060058583
772,0.4807488118194154
773,0.08767339735211248
774,-0.25565501930685225
775,-0.6292114321855926
776,-1.104359917924813
777,-1.5125017345905953
778,-1.9185380258584366
779,-1.9884030698839594
780,-2.063841110398132
781,-2.14791399043095
782,-2.1589132794370913
783,-2.1300621613618933
784,-1.9169134159258205
785,-1.7270980765269643
786,-1.437232493487318
787,-1.1144597016012097
788,-0.6369686495301085
789,-0.2232577981747731
790,0.21933686477829956
791,0.5448199767625039
792,0.8967150244794821
793,1.2745368990874504
794,1.4508060485815657
795,1.685350143529598
796,1.8578868604052003
797,1.8442033018580213
798,1.3588592820147904
799,0.9782490237224449
800,0.7095569708780788
801,0.5362660290773683
802,0.41506499480338527
803,0.6131176435521353
804,0.7582070595594909
805,0.8828823171675427
806,1.1069908985809773
807,1.4392146166202326
808,1.7332306974760487
809,1.887822677937673
810,2.184489637285279
811,2.202037500027925
812,2.390783805302764
813,2.393267919648334
814,2.270359477285882
815,2.0870707136167086
816,1.8613477849033537
817,1.606129243801227
818,1.1055686916939793
819,0.6672240812941062
820,0.27339867795461475
821,-0.04495022986441129
822,-0.37813065381160443
823,-0.6666073588091577
824,-0.9759322264274443
825,-1.3949026227166998
826,-1.6693945856066708
827,-1.7788238520121904
828,-1.8271252381629621
829,-1.8931514282430342
830,-1.810580602400558
831,-1.7257278995097967
832,-1.6383476998119282
833,-1.3544071246357627
834,-1.0198866193313822
835,-0.6696567486734217
836,-0.2058854847287474
837,0.19637042501129592
838,0.6425918216208255
839,1.0875312535176276
840,1.6139443538429372
841,1.8597514582536656
842,2.1499583069972124
843,2.2780957840514713
844,2.333256212396776
845,2.2771220821600036
846,2.162045269599615
847,1.941309693826928
848,1.7521893234879509
849,1.3545853392153466
850,0.8580192583619823
851,0.42324629427293003
852,-0.03367974789661961
853,-0.47955999113057524
854,-0.8761322576829914
855,-1.27579276005981
856,-1.596773287841184
857,-1.8914403405531517
858,-2.03864372596758
859,-1.9602308854276025
860,-2.0042351684078397
861,-2.020252896394399
862,-2.09222656623897
863,-1.7194087651721959
864,-1.4345109546111752
865,-1.127045324964918
866,-0.9396409481932534
867,-0.5203301388999899
868,-0.06918154611739227
869,0.3229756040099798
870,0.6356896576281819
871,0.9222623896183207
872,1.4373259884252496
873,1.7150126890766662
874,1.8674518513638259
875,1.99090322983544
876,2.0229335351351003
877,1.8565517530628453
878,1.8128765664346889
879,1.5901954144131665
880,1.3251980185628678
881,1.1108531332196945
882,0.6124761330701378
883,0.14782167728782314
884,-0.2316720011769928
885,-0.5642876295831653
886,-1.0068306809279328
887,-1.3985600135930973
888,-1.6359736382943642
889,-1.6868320736804305
890,-1.8669614003443173
891,-2.0315419032299307
892,-2.122182088555739
893,-2.042188870023621
894,-1.802232535626557
895,-1.3424932212943574
896,-1.1015686296800764
897,-0.7689200090602492
898,-0.26466510955769007
899,0.13193155683728433
900,0.5295714913965766
901,1.019163480494681
902,1.3594049670232307
903,1.5763888321124655
904,1.9306998987463118
905,1.9819595738138704
906,2.189952877975494
907,2.2237885540416182
908,2.15356491077302
909,2.0048670070609544
910,1.7976816965880864
911,1.4987752660612863
912,1.216091755999293
913,0.8119102299736913
914,0.25925698130695457
915,-0.13401681777852956
916,-0.45441609289126894
917,-1.0079024214332155
918,-1.3489219985866912
919,-1.6834830562363665
920,-1.8446416820069365
921,-2.046000229459222
922,-2.0854194892405538
923,-2.063309732503186
924,-1.9629420708294565
925,-1.7171060504282492
926,-1.5543359937146501
927,-1.2935841980150422
928,-0.944597879481279
929,-0.5801759445451531
930,-0.21283405622059692
931,0.1213639964663512
932,0.5367596183874425
933,0.8103190277869472
934,1.021866493569609
935,1.2777075658537185
936,1.6201420780159066
937,1.840215456364255
938,2.0082316625699566
939,1.9720496409035124
940,1.9975035010916542
941,1.7317584428659445
942,1.4329327504406641
943,1.2477952365987424
944,0.9233247173889911
945,0.5974489490586634
946,0.2028732846852868
947,-0.26554203786131625
948,-0.7678664149270293
949,-1.2813263702298454
950,-1.443313890669047
951,-1.8524449979612165
952,-1.933237291423115
953,-2.065615378122164
954,-2.1058037183384783
955,-2.071416633385499
956,-1.9289559252657758
957,-1.8197345095352897
958,-1.7378278380184526
959,-1.4426165224168606
960,-1.0125133647234348
961,-0.679896669819442
962,-0.14671626821412392
963,0.27529993888790977
964,0.6001003715708088
965,0.03264281496304855
966,-0.437401147033951
967,-0.8218126517770821
968,-1.3939770651264096
969,-1.843589804042648
970,-1.8362166553298764
971,-1.951565708219611
972,-1.7615555222309633
973,-1.4959000253699952
974,-1.356279709525835
975,-1.1244883663880594
976,-0.6927676396706376
977,-0.330111609009752
978,0.18888681312209435
979,0.7152743317092629
980,0.9847934572274323
981,1.2673647255425782
982,1.584209769064822
983,1.65654836895414
984,1.7139612642682944
985,1.7820417649996054
986,2.0046316111024853
987,1.9721529089215113
988,1.781456223031921
989,1.4922989524831458
990,1.1324490869064496
991,0.7776817987315303
992,0.37905028529410845
993,-0.01096306949191794
994,-0.3557731010468845
995,-0.7503956695438803
996,-1.0530723628212952
997,-1.4175723992334788
998,-1.566249551423982
999,-1.7460629387078392
1000,-1.9034202938503708
1001,-1.958363889892066
1002,-2.01676539383126
1003,-1.9572538639745993
1004,-1.8163283536895347
1005,-1.6362015914779162
1006,-1.4307748739140858
1007,-1.0066992237299082
1008,-0.5222407989672079
1009,-0.076113034975132
1010,0.33118992215059634
1011,0.9125566022588139
1012,1.2089235326555114
1013,1.5474656295461815
1014,1.8981812062343204
1015,1.0579246875984345
1016,0.5276055470326659
1017,0.23073645561546677
1018,-0.08846279964015955
1019,-0.2587797278254212
1020,-0.3738469575897627
1021,-0.28140291459143874
1022,-0.2047834671056762
1023,0.013435905642946182
1024,0.17454140441539284
1025,0.2976578824328309
1026,0.6345438366679715
1027,0.9652632580064976
1028,1.2811431175709538
1029,1.6477537005923506
1030,1.9676359878260754
1031,2.15143684349019
1032,2.286806500834988
1033,2.221738601186597
1034,2.06818927422699
1035,1.9669472316049808
1036,1.6543717616462315
1037,1.2808109592685986
1038,1.191217392636954
1039,0.7971581743043088
1040,0.33362170155148757
1041,-0.14188678079917708
1042,-0.6712858463970279
1043,-1.024020766762767
1044,-1.3917843330869317
1045,-1.604085949427799
1046,-0.8410587825658681
1047,-0.2997224396510964
1048,-0.025486306778321366
1049,0.2998536914814487
1050,0.48597690772784025
1051,0.38199770186550186
1052,0.40057874958836137
1053,0.19167293799072316
1054,0.09061844573047778
1055,-0.17612111101544015
1056,-0.5272139631989311
1057,-0.8282835693907611
1058,-1.1420700028440596
1059,-1.446706404950576
1060,-1.6592081694770442
1061,-2.0499107823505573
1062,-2.192851159201738
1063,-2.3492404391279185
1064,-2.387620178165773
1065,-2.2112919125257897
1066,-2.151113075773342
1067,-1.9103709171510315
1068,-1.5650645692869543
1069,-1.2057255886190466
1070,-0.838251160379072
1071,-0.42477457223222104
1072,0.03203044913831853
1073,0.37541844281686465
1074,0.7775704297138397
1075,1.3275797008066073
1076,1.6622256632599575
1077,1.9106753339812388
1078,2.054185332725997
1079,2.0945657116269776
1080,2.1483248118871194
1081,2.1213746990741535
1082,1.9763291503442575
1083,1.9807370797838824
1084,1.6110168170216435
1085,1.1799090965991255
1086,0.7652885633877174
1087,0.3507990176353706
1088,-0.1385621187742107
1089,-0.5285110261888822
1090,-0.8938940508774399
1091,-1.200670934104347
1092,-1.561414207252178
1093,-1.7063929013139267
1094,-1.850213672687114
1095,-1.7428770526715396
1096,-1.8669955153868745
1097,-1.8997484523019585
1098,-1.79199504460446
1099,-1.5520198738501634
1100,-1.2365352433477808
1101,-0.8605503095988732
1102,-0.3271190699326285
1103,-0.10935468949208607
1104,0.155876145043123
1105,0.5657197043017665
1106,1.1219469732287446
1107,1.5100511657994462
1108,1.7001515211269345
1109,1.9339447697105652
1110,2.0639039115341924
1111,2.1137606602848487
1112,2.057350847971731
1113,1.9748799274110294
1114,1.8903091781934136
1115,1.5967970484101406
1116,1.3329482887145612
1117,1.0262353146964474
1118,0.7156047643497248
1119,0.1992592090038404
1120,-0.23553795529973007
1121,-0.7078993593645044
1122,-1.0818223719691658
1123,-1.412527043779588
1124,-1.780885653444494
1125,-1.9667265222855628
1126,-1.9161383482185783
1127,-1.9467276614068925
1128,-2.0377892633093095
1129,-1.9982515342518385
1130,-1.798363626390891
1131,-1.598145144791021
1132,-1.1581287143059942
1133,-0.8987426709085502
1134,-0.4400312170243625
1135,-0.14007059722554563
1136,0.29873276877151234
1137,0.6379747086175878
1138,1.0894608143613806
1139,1.508446489897158
1140,1.7950506871319512
1141,2.066093447504144
1142,1.968670616518424
1143,2.020188474589448
1144,2.010832943719926
1145,1.92286532594251
1146,1.5546497747431451
1147,1.322915188431523
1148,1.0446351584183504
1149,0.6744427874590302
1150,0.16299719829654916
1151,-0.2853128857870482
1152,-0.5807841398509996
1153,-0.881884436481696
1154,-1.2100543130467274
1155,-1.4705891960150899
1156,-1.6510198332686836
1157,-1.8081066498626623
1158,-1.825360232873384
1159,-1.7719230168258493
1160,-1.5302715309604649
1161,-1.4784702792968634
1162,-1.3348063762114
1163,-1.2946793855784315
1164,-0.9126285079814974
1165,-0.3715340962003034
1166,0.11797571881224816
1167,0.5648411697727421
1168,1.0401339234918103
1169,1.408425927330918
1170,1.6735075471824992
1171,2.095516735523011
1172,2.28420135241606
1173,2.4587011760542383
1174,2.2646098174106735
1175,2.0376537246040503
1176,1.9491922239827946
1177,1.6934904439605556
1178,1.4700511246540455
1179,1.3000060024506248
1180,1.5121160181640734
1181,1.6435008681161478
1182,1.8671682154645346
1183,1.8381141550931137
1184,1.1649280114774254
1185,0.48510059882565243
1186,0.03252163727914921
1187,-0.4092743737093176
1188,-0.8094724540713996
1189,-1.1927606243690463
1190,-1.3466780968762209
1191,-1.313969452968409
1192,-1.1678986263547781
1193,-1.1010682791095727
1194,-0.713881426482818
1195,-0.3989020989129866
1196,-0.1972243651052032
1197,0.04248618660031386
1198,0.3989047417952256
1199,0.7416314680711266
1200,1.1434648971340136
1201,1.4710166202570978
1202,1.7273067426148618
1203,1.8277113011761257
1204,2.054477232339169
1205,2.0100819673848975
1206,2.1215323894896074
1207,1.8873027388514603
1208,1.6204342207559397
1209,1.357599098145321
1210,1.0700004782980355
1211,0.71146248851345
1212,0.3305015455462865
1213,-0.017680138165142124
1214,-0.47514664312046817
1215,-0.8256206668511907
1216,-1.372978290875368
1217,-1.737766859982927
1218,-2.1093245137371723
1219,-2.1777024919490526
1220,-2.342913902926882
1221,-2.315906891360537
1222,-2.4177066218422882
1223,-2.1459393911081794
1224,-1.936876697523686
1225,-1.499900695847161
1226,-1.1986906264892054
1227,-0.9665054341332743
1228,-0.6391947952357607
1229,-0.21979938358422996
1230,0.1429023695521468
1231,0.6586636219620982
1232,1.0539588421144082
1233,1.3180790900806676
1234,1.6773849431173977
1235,1.8590924591563658
1236,2.0586083378390465
1237,2.0607124862967154
1238,2.0713373480112445
1239,1.9159533495894818
1240,1.8006115015476991
1241,1.3760390737664976
1242,0.9626068703379218
1243,0.6046271116176881
1244,0.16956821128697133
1245,-0.25468924599573833
1246,-0.588053957670004
1247,-1.0052697527415486
1248,-1.3221399566075536
1249,-1.695957893680385
1250,-2.089357784892272
1251,-2.166634722537191
1252,-1.2962822364519706
1253,-0.7519751142398917
1254,-0.3955531834032561
1255,-0.16685487334575805
1256,0.03192617357357595
1257,0.00925926470816437
1258,-0.061516590802084936
1259,-0.21860861054849456
1260,-0.4100706295809963
1261,-0.7413242471884034
1262,-1.1131914395349456
1263,-1.3798987540138332
1264,-1.5898111768623278
1265,-1.7513333496724213
1266,-1.8443000938895593
1267,-1.9335954867028915
1268,-2.07351648768643
1269,-2.0552955058037026
1270,-1.9631014278117276
1271,-1.8006437300699116
1272,-1.5206030598909097
1273,-1.2444217868883798
1274,-0.9123701498141594
1275,-0.3708748990459865
1276,0.012960705804816413
1277,0.49871196639075765
1278,0.9681838320627913
1279,1.3282234087380789
1280,1.6145964715437642
1281,1.7964082040636298
1282,1.865106361748619
1283,2.059414238910812
1284,2.1454699153406884
1285,2.173326631798198
1286,2.0079372136683915
1287,1.9729199716953523
1288,1.7222637222830073
1289,1.3611294863279702
1290,0.8003399862297329
1291,0.37195376425343485
1292,0.028359881072736057
1293,-0.2745331213904084
1294,-0.6937418519200045
1295,-0.9468864792781363
1296,-1.3800899715190698
1297,-1.6260155322623302
1298,-1.8013925691423045
1299,-1.8873325819642182
1300,-1.9312193681672143
1301,-1.8733113586423973
1302,-1.8418938910746467
1303,-1.53162413304924
1304,-1.2005448385141422
1305,-0.870637822236815
1306,-0.4439979664710472
1307,0.037135355436144935
1308,0.45641633269160187
1309,0.993812274595164
1310,1.3759260821945216
1311,1.5999443476145971
1312,1.8814219507395793
1313,2.1632101063271088
1314,2.3958190007101763
1315,2.442546278234724
1316,2.3240899830690056
1317,2.196736757545362
1318,1.905543620034025
1319,1.7324324953156593
1320,1.388180796851131
1321,0.9749083930949267
1322,0.6606662351280715
1323,0.3696762366894345
1324,-0.1340107211690763
1325,-0.5439973858464986
1326,-0.9574097381849822
1327,-1.195459795005232
1328,-1.514957836409956
1329,-1.838749314431387
1330,-1.9925381016628276
1331,-1.9678376459826243
1332,-1.9865181612565406
1333,-1.94623098865184
1334,-1.7779329602614937
1335,-1.6054740418807294
1336,-1.2952257214601344
1337,-0.9637335369283048
1338,-0.3602100742090921
1339,-0.11187070762735088
1340,0.24968267559172572
1341,0.6246768287679555
1342,-0.03447846993346085
1343,-0.49331195031751723
1344,-0.9659589138206517
1345,-1.3970937516071493
1346,-1.5924283557326708
1347,-1.7258346462341665
1348,-1.246676205363227
1349,-0.7607448987347265
1350,-0.5197943321706953
1351,-0.424101072281022
1352,-0.43038681448089405
1353,-0.5347725767367104
1354,-0.7640343818250146
1355,-1.0712438771477768
1356,-1.3261091939000593
1357,-1.6164429463042609
1358,-2.0213088721697234
1359,-2.299993140108795
1360,-2.4684299811615347
1361,-2.471553869288909
1362,-2.486534832660931
1363,-2.5116642149642114
1364,-2.4716934792876
1365,-2.1626481346602886
1366,-1.9114896069223644
1367,-1.8130130626817242
1368,-1.4112601966037503
1369,-0.9115209637193853
1370,-0.5510536643510894
1371,-0.0771636616410421
1372,0.38868203686004477
1373,0.7227107124529403
1374,1.2155036325503379
1375,1.5444924850900545
1376,1.7592304206335942
1377,1.9179970611343846
1378,1.9081144298155885
1379,1.8243615602892111
1380,1.7357629798245815
1381,1.5717903501080184
1382,1.3472683685768054
1383,1.1868482374187748
1384,0.8939557498613598
1385,0.3607508194376734
1386,0.062358355745347566
1387,-0.3883183920785401
1388,-0.7243740779802782
1389,-1.13393367050238
1390,-1.454494150320117
1391,-1.8249996003479572
1392,-1.991061526064104
1393,-2.043850837608765
1394,-2.225915746297619
1395,-2.1039395928038376
1396,-2.039385157996794
1397,-1.6934557746338326
1398,-1.378718814238876
1399,-1.0272954899671907
1400,-0.6923975843872734
1401,-0.09615846766166633
1402,0.23923048211424494
1403,0.542739517877117
1404,0.8741455261756588
1405,1.3208776257932031
1406,1.6301151144833497
1407,1.8682039992398196
1408,2.0070260765191548
1409,2.102050631125476
1410,2.0838141109709256
1411,2.083788954053678
1412,1.9189353742918271
1413,1.6510344215174075
1414,1.4526481855622202
1415,1.0292719101567058
1416,0.6631003572299973
1417,0.1051521929144168
1418,-0.39853408732504925
1419,-0.8032674304692025
1420,-1.2010129751278515
1421,-0.5669346484506756
1422,0.0786530568724083
1423,0.614018110510449
1424,0.9879645551147073
1425,1.14420950147655
1426,1.2795867167602837
1427,1.4746822609481116
1428,1.5935399279762674
1429,1.475377505658945
1430,1.1170082822419258
1431,0.7859135292478086
1432,0.44018304243402145
1433,0.052352971190422024
1434,-0.2641170207906768
1435,-0.6149248701804666
1436,-1.0900468893340163
1437,-1.4754293706785517
1438,-1.6708416439955907
1439,-1.7764025479182386
1440,-1.9182224377938701
1441,-1.8722495091119953
1442,-1.2881525638755156
1443,-0.9592584833966182
1444,-0.6524443371933695
1445,-0.29655467815174014
1446,-0.4389656166443426
1447,-0.43320264052531066
1448,-0.5937204114011811
1449,-0.9081764695165758
1450,-1.3369764840459608
1451,-0.8548056464971436
1452,-0.2792626021460638
1453,0.2943376733658878
1454,0.8114562805669048
1455,1.241009974378762
1456,1.4910456653033102
1457,1.6261123633177144
1458,1.6246229117006512
1459,1.594588330265449
1460,1.218683190168771
1461,0.9549877207537392
1462,0.9329343474377503
1463,1.0669689358801189
1464,1.0897362467341076
1465,1.2529085499343393
1466,1.4974001608581278
1467,1.7459514060866337
1468,2.022752395114333
1469,2.3694408416227652
1470,2.318276870178722
1471,2.573887885974275
1472,2.728943733593192
1473,2.7183810612028054
1474,2.5725288736762475
1475,2.2874840369793445
1476,2.0709905987335304
1477,1.7374036212824246
1478,1.3087466019625908
1479,0.9465675516064812
1480,0.5707126404657038
1481,-0.12268420453274073
1482,-0.43393204458228535
1483,-0.9093579796539798
1484,-1.1701220674771045
1485,-1.5145105321533157
1486,-1.7438581250521663
1487,-1.8825171987938543
1488,-1.8826675733272422
1489,-1.8429897189241127
1490,-1.8108596093545153
1491,-1.8338169119812842
1492,-1.5418863120419017
1493,-1.2217787605595558
1494,-0.9692019314963767
1495,-0.5386784391376297
1496,-0.11526780519020927
1497,0.4211435685309206
1498,0.9765996858382732
1499,0.42463533613257237
1500,-0.1413973908187306
1501,-0.6027664704734425
1502,-1.0398126488704704
1503,-1.3514540561482336
1504,-1.5121082822169205
1505,-1.5803238511435418
1506,-1.6404164962071333
1507,-1.3764210561968304
1508,-1.0395249934927016
1509,-0.6700846752372387
1510,-0.2414034512731076
1511,0.2712710790404964
1512,0.5304075807893
1513,1.059972766283278
1514,1.3415422836463415
1515,1.6886425683307682
1516,1.8111900080952859
1517,1.98861416290493
1518,2.2283070495861064
1519,2.355378778561366
1520,2.3089158683212054
1521,2.2267716202637726
1522,2.0115613453424026
1523,1.861443462935807
1524,1.3859158076657165
1525,1.166925334691204
1526,0.7064704014814636
1527,0.292827561786518
1528,-0.2404714729243143
1529,-0.6200828770635869
1530,-0.9582025676401115
1531,-1.2831332815454626
1532,-1.549476688560232
1533,-1.8031681704685032
1534,-1.9785045586800407
1535,-2.0753688375247683
1536,-2.116313357015448
1537,-2.0578968044632635
1538,-1.8436779066535816
1539,-1.4912448023432547
1540,-1.2804956891235468
1541,-0.9353405098994418
1542,-0.635966512651607
1543,-0.24736925149584427
1544,0.1634581198312751
1545,0.6057791326384102
1546,1.0133931625823593
1547,1.361165570677162
1548,1.685960785061612
1549,1.834589554567586
1550,2.001465013519508
1551,2.127679224743916
1552,2.029522955615963
1553,1.38424900944687
1554,1.152475107609919
1555,0.8820637107397025
1556,0.7986205499362432
1557,0.9245139190775249
1558,0.988392187161937
1559,1.2701521515310146
1560,1.4423201290635348
1561,1.625985742190254
1562,1.7825323093546468
1563,1.9626003339695763
1564,2.204371253815624
1565,2.290191232480153
1566,2.440259109003946
1567,1.7335985226368753
1568,1.2188208052635012
1569,0.795166467463569
1570,0.6938336376495626
1571,0.6724826340217438
1572,0.7507234232673317
1573,0.8391584418327487
1574,0.912277533002837
1575,1.1628435998578972
1576,1.4634939486794627
1577,1.7615103660734546
1578,2.026092070403143
1579,2.2505323903108305
1580,2.3412716915521408
1581,1.4943946254788862
1582,0.7883110980534206
1583,0.43288240020532753
1584,0.2856365468763965
1585,0.33716216380512654
1586,0.3573468603119424
1587,0.28404104910821454
1588,0.08497137666389545
1589,-0.14797857974250747
1590,-0.5202822113303597
1591,-0.844358693390616
1592,-1.2252317624782623
1593,-1.544189334825537
1594,-1.8671356143966535
1595,-2.039219407432753
1596,-2.1524958950952104
1597,-2.234207381929708
1598,-2.321786018690688
1599,-2.3681688817640207
1600,-2.1719323274633324
1601,-1.963038600739668
1602,-1.8307049217699771
1603,-1.4634804140401534
1604,-1.038566684480581
1605,-0.7380707310988509
1606,-0.2385952154035137
1607,0.09665048659241864
1608,0.4822049131434249
1609,0.7895845559137499
1610,1.1053561787500459
1611,1.3364113452213864
1612,1.683703194307693
1613,1.831003452469867
1614,1.875965520052875
1615,1.9633511241231592
1616,1.9445442151523418
1617,1.7169380575441275
1618,1.4770553084585907
1619,1.1044883768861964
1620,0.7318612562567155
1621,0.2511979076797886
1622,-0.1133661878114381
1623,-0.4246926968623586
1624,-0.7496931818093676
1625,-1.1244276307368404
1626,-1.6027833444866435
1627,-1.8947733563095754
1628,-2.0668479017721126
1629,-2.260163066648633
1630,-2.369164877492781
1631,-2.143882104335174
1632,-1.9126745946309023
1633,-1.6447627643444929
1634,-1.3015980550037043
1635,-1.0630184267677023
1636,-0.743394717789322
1637,-0.29902547437041316
1638,0.15635272593523986
1639,0.46455413383669486
1640,0.8879301471154352
1641,1.2488389941880569
1642,1.6361243485034813
1643,1.895204014809147
1644,2.1804008163802995
1645,2.2076157881790075
1646,2.098504505193572
1647,2.137888508111459
1648,1.9808463809585195
1649,1.714194085925211
1650,1.3253943502408727
1651,0.9371538947211164
1652,0.512444102004861
1653,0.010552457655400749
1654,-0.561463303413448
1655,-0.9620169865031455
1656,-1.2421289141546523
1657,-1.45108705053825
1658,-1.6461513572878308
1659,-1.7809676475721237
1660,-2.019205010653532
1661,-2.0558736977617738
1662,-1.9891268262539246
1663,-1.8398920223732258
1664,-1.6724355289963702
1665,-1.4138575190426363
1666,-0.9418268234509961
1667,-0.5318344244052748
1668,-0.1321125415258142
1669,0.2996167531168883
1670,0.6374981837860019
1671,1.0580857768713836
1672,1.402386824606238
1673,1.7609770031243381
1674,1.9311378091908218
1675,2.159844906756472
1676,2.21764396241398
1677,2.2882745317202433
1678,2.2292658686157703
1679,2.071650240750602
1680,1.8149252562214504
1681,1.5151292536853704
1682,1.1325597627522894
1683,0.7228698134419493
1684,0.3510502372591462
1685,-0.2073542510711498
1686,-0.5487305558000009
1687,-0.8782777209915993
1688,-1.2614569548861223
1689,-1.5564799692419962
1690,-1.877066487983488
1691,-2.0056572615639254
1692,-2.1584327020136076
1693,-2.3700149473547443
1694,-2.14992242363323
1695,-2.052938044995884
1696,-1.7954113895177293
1697,-1.454967232999851
1698,-1.0462934899358989
1699,-0.6437364299284503
1700,-0.19777244456187998
1701,0.2056155963306338
1702,0.5039989351703139
1703,0.91056950824877
1704,1.3230153089972128
1705,1.542663611360157
1706,1.801175704968834
1707,2.11084287452304
1708,2.1585159638124587
1709,2.1288893432982374
1710,1.8956852088156158
1711,1.6411764842696943
1712,1.348142164243854
1713,1.1098068114795459
1714,0.6918967336628661
1715,0.1711536330501515
1716,-0.16937426056782212
1717,-0.6124347506771006
1718,-1.1014950851839707
1719,-1.3690897972337388
1720,-1.693056409638198
1721,-1.8900885749734897
1722,-2.1916124130853607
1723,-1.6245804717434131
1724,-1.0206140599305589
1725,-0.6839908568263784
1726,-0.38895617790826803
1727,-0.2325360193984774
1728,-0.20941887439601795
1729,-0.20432071835163262
1730,-0.1545897895811373
1731,-0.3934058021671882
1732,-0.5514327923742827
1733,-1.0244296324988034
1734,-1.368407303907753
1735,-1.7601678421847657
1736,-2.047523468297285
1737,-2.247078917244671
1738,-2.200783693485168
1739,-2.262372685118663
1740,-2.163018215292811
1741,-2.119316036715002
1742,-2.0002389184454707
1743,-1.7684483102593418
1744,-1.3894714300343247
1745,-1.2038290030175829
1746,-1.236663146310657
1747,-1.3850299262692822
1748,-1.5555215980862411
1749,-1.869130076041757
1750,-2.028910769960633
1751,-2.1136611179382814
1752,-2.1797696864102485
1753,-2.452224633644274
1754,-2.432529642389045
1755,-2.550769195871629
1756,-2.6450708879045752
1757,-2.378520418612478
1758,-2.189413339019743
1759,-1.8121932181851392
1760,-1.3998419158419617
1761,-0.9637246675272001
1762,-0.5542416464446892
1763,-0.23035215867226216
1764,0.18589657829270775
1765,0.7279320848340631
1766,1.1859476150271533
1767,1.4893269703520153
1768,1.7391679844567796
1769,1.9951743351013196
1770,2.129547505689406
1771,2.154284441472425
1772,2.157120879235718
1773,2.069104671959257
1774,1.8080089362690308
1775,1.565333026876665
1776,1.26690051745574
1777,0.8831486665656145
1778,0.4101532711545768
1779,0.6823373710862785
1780,0.9270939406679981
1781,1.2848327190266033
1782,1.4616068876499153
1783,1.8670471383498661
1784,2.178470422657461
1785,2.3440423368541436
1786,2.471677151799302
1787,2.5076934513120337
1788,2.4034411520309518
1789,2.1980821875604972
1790,1.9176031760670769
1791,1.7291992521047415
1792,1.2811650619766233
1793,0.8083022566558387
1794,0.46382080653191105
1795,0.0899850593240675
1796,-0.3762317031275122
1797,-0.7491067116027483
1798,-1.0761698481360282
1799,-1.51330973973655
1800,-1.6552688192385066
1801,-1.7913108858373603
1802,-1.869738378164555
1803,-1.846842612101173
1804,-1.7730429168409114
1805,-1.6503804477221165
1806,-1.5961879033752138
1807,-1.2835859185193985
1808,-1.0422665224454806
1809,-0.4744931573393557
1810,-0.0797477471168523
1811,0.491644477850291
1812,0.8835150184087243
1813,1.1911910108084192
1814,1.6195707042023357
1815,1.9071634002268432
1816,2.290868165848084
1817,2.328838694861741
1818,2.4583885351538055
1819,2.5755010691458393
1820,2.5118750831832637
1821,2.3110121020339554
1822,2.0941794777129648
1823,1.6897615213118864
1824,1.191804080939847
1825,0.7039346977534056
1826,0.25902014589239336
1827,-0.1248138860638173
1828,-0.6235928536174251
1829,-1.0417682073302414
1830,-1.435704191870869
1831,-1.6257683768363786
1832,-1.679792736102271
1833,-1.91331580085069
1834,-1.9226061013368045
1835,-1.8072408719892166
1836,-1.725435575055433
1837,-1.6526671853722652
1838,-1.2810301636786852
1839,-1.0807909701519889
1840,-0.5753930444132405
1841,-0.24482800056286236
1842,0.04390965539714273
1843,0.43546759180674854
1844,0.8461324107994845
1845,1.2350538476529187
1846,1.6063355939155632
1847,1.8760449850450136
1848,2.195261868981899
1849,2.2604339588293105
1850,2.2786965950527835
1851,2.2052579854402374
1852,1.8994579014584148
1853,1.5803558313016548
1854,1.3082838887832566
1855,1.0102110565541182
1856,0.4678479991019232
1857,0.23648756836100454
1858,-0.13930378622762002
1859,-0.5558248591702596
1860,-0.9082307309569732
1861,-1.3063105218509512
1862,-1.5852698749004126
1863,-1.787698400093533
1864,-1.8451236202404602
1865,-1.9506873318288274
1866,-2.0662715520271098
1867,-2.0367805419624347
1868,-1.8679877242612875
1869,-1.7106838311407293
1870,-1.4504501061152648
1871,-1.1237062518627505
1872,-0.7121746409624403
1873,-0.21659993957375537
1874,0.2004753802395027
1875,0.6803386765295429
1876,1.0726500501379852
1877,1.3427946557398431
1878,1.6689214763264064
1879,1.9054436339550274
1880,2.0936596037333763
1881,2.2080789187033836
1882,2.2664715114777856
1883,2.167702192100306
1884,1.9572859400764144
1885,1.7153603899030987
1886,1.324389770524346
1887,0.8912432124289982
1888,0.5951374976004764
1889,0.1061826524594651
1890,-0.3934719162216067
1891,-0.7515170472004522
1892,-1.161584002655641
1893,-1.4149838515094924
1894,-1.5846841877744364
1895,-1.8503096022315422
1896,-1.913759906680767
1897,-2.00087760313368
1898,-1.9662667073109517
1899,-1.8028674905334066
1900,-1.6341280187375509
1901,-1.3311458789466004
1902,-1.0046188531988667
1903,-0.5547163359062477
1904,-0.08787587290473654
1905,0.27143740251211695
1906,0.7022985746418295
1907,1.1613385998082628
1908,1.4119472695574755
1909,1.6921359205999726
1910,1.9465077464275629
1911,2.018540411789386
1912,2.2452981786672646
1913,2.194328923216144
1914,1.7793181611375681
1915,1.6097081006509735
1916,1.3753864455561557
1917,0.9882242751704695
1918,0.7296126805205251
1919,0.2848283882893499
1920,-0.09371651805196939
1921,-0.5390788123482231
1922,-0.8854117307365755
1923,-1.4476682302427284
1924,-1.7172818785573416
1925,-1.9214329842884754
1926,-2.1264480985186043
1927,-2.2520975851517258
1928,-2.312360995937682
1929,-2.2593766039989274
1930,-1.9976470744204453
1931,-1.728407028700624
1932,-1.4821941766260402
1933,-1.194656661895995
1934,-0.7597548679174563
1935,-0.3512425469387909
1936,-0.022859970911081426
1937,0.3827310536507412
1938,0.9028900235318427
1939,1.3050206498047943
1940,1.583729434804934
1941,1.7242190316984616
1942,1.9471675711666916
1943,2.0708468129710518
1944,2.096250578766515
1945,2.1156508438890542
1946,2.020553303728132
1947,1.68758511851837
1948,1.4205203899519299
1949,0.9954391580491605
1950,0.5993644750032858
1951,0.1126825461351395
1952,-0.3720789334464796
1953,-0.8853640579014279
1954,-1.1924680679090571
1955,-1.4842857700209984
1956,-1.7589547563681354
1957,-2.015978678103457
1958,-2.2612738970378543
1959,-2.3457646608447806
1960,-2.2900931712566774
1961,-2.162178279652274
1962,-1.8726436927449104
1963,-1.5423443379372215
1964,-1.256127676017482
1965,-0.9525982597083414
1966,-0.6276615676406037
1967,-0.3241338328525394
1968,0.03192722724174482
1969,0.345070021660675
1970,0.9184831159226919
1971,1.3051740913050212
1972,1.6581731051324937
1973,1.8639637707260515
1974,2.211447334794814
1975,2.168449544928113
1976,2.0223173753831043
1977,2.1260403459368997
1978,1.8206792404691505
1979,1.5483802258905006
1980,1.1846932861797599
1981,0.8627816301601507
1982,0.4427670315082165
1983,0.08540237777518556
1984,-0.2657416906725758
1985,-0.7978882049944057
1986,-1.2275098715070085
1987,-1.4829303549437376
1988,-1.6636965441301859
1989,-1.8601836932477596
1990,-1.9594569564413782
1991,-1.8995467981711731
1992,-1.913921423188823
1993,-1.7975270529150167
1994,-1.5195636970957305
1995,-1.1781298602652983
1996,-0.8978383017493313
1997,-0.618477391774568
1998,-0.24140689272818514
1999,0.16167978663233695
2000,0.5020980644294815
2001,0.8456266748142636
2002,1.3176990548235477
2003,1.6608527727943196
2004,1.8774000491790892
2005,1.9670958520371367
2006,2.0215540955536864
2007,1.9243653054749623
2008,1.904591113656707
2009,1.7245493441253705
2010,1.5526555535375723
2011,1.3412705110520027
2012,1.0299506957105153
2013,0.6176795596117166
2014,0.1476606123835555
2015,-0.34854319932422617
2016,-0.6405975274887965
2017,-1.0002836356046116
2018,-1.3723965969467302
2019,-1.615613679915822
2020,-1.7692105904110604
2021,-1.9933012917418784
2022,-2.0547440242454145
2023,-2.0333742212617323
2024,-1.838398613249518
2025,-1.719253898620545
2026,-1.561110143303147
2027,-1.2309445302509123
2028,-0.8271755737323879
2029,-0.43469687123136896
2030,0.08633100296775172
2031,0.449868167278131
2032,0.8511899882878584
2033,1.101094925093007
2034,1.3646110295628024
2035,1.6017247931808465
2036,1.8152361086855524
2037,1.867634661273992
2038,1.9955933371081513
2039,1.9235098678945821
2040,2.00883995046956
2041,1.7548434421807881
2042,1.502513548654711
2043,1.1787481795939523
2044,0.7334655704989577
2045,0.3308172735191282
2046,-0.0891814315330508
2047,-0.42347300172382957
2048,-0.7927553848416901
2049,-1.1201883554454517
2050,-1.3827719948280637
2051,-1.6159693868417178
2052,-0.897875551482055
2053,-0.40904904586267
2054,0.007143467680483056
2055,0.20090606862805488
2056,0.33405911003512745
2057,0.3404281806514822
2058,0.2508706183357549
2059,-0.008385716243309596
2060,-0.43419946314899294
2061,-0.7038562341067581
2062,-0.885753039486706
2063,-1.180711696169836
2064,-1.3962164319583188
2065,-1.748683690398823
2066,-2.020064451681562
2067,-2.0153811149770915
2068,-2.217669083554465
2069,-2.229470661344504
2070,-2.1693798355980034
2071,-2.0444850309388385
2072,-1.8357034620294888
2073,-1.6676517944168903
2074,-1.3908636677089203
2075,-1.2233035947496622
2076,-0.6783188241141146
2077,-0.20603975630293123
2078,0.16812471615163277
2079,0.5260137051454167
2080,1.0203298757687693
2081,1.3098395816601756
2082,1.5568952809348642
2083,1.714910469701925
2084,1.9465396649172462
2085,1.3657836139911077
2086,0.8484992469314787
2087,0.5933350039629907
2088,0.41744046530998
2089,0.2546929721937909
2090,0.4108115152088317
2091,0.44841539410169473
2092,0.6385121767472325
2093,0.8732592032512998
2094,1.12374725665169
2095,1.2679211998013116
2096,1.7270587249465055
2097,1.829334117510474
2098,2.161587233593056
2099,2.231279569300842
2100,2.2652174743671307
2101,2.3817821714997716
2102,2.332248058554351
2103,2.058575126669207
2104,1.7284250199847357
2105,1.480202658812894
2106,1.0639059913836368
2107,0.7377302503546195
2108,0.3824442659118568
2109,-0.10242894342231196
2110,-0.5557025621865112
2111,-0.9160881265719614
2112,-1.336338805811448
2113,-1.6287729050890853
2114,-1.6797233760850445
2115,-1.8459753591544787
2116,-1.99477049669557
2117,-1.8536327406771433
2118,-1.7561038612624091
2119,-1.7278658236349576
2120,-1.5935139970408565
2121,-1.4431933509683126
2122,-1.0606762776934398
2123,-0.8276077045087005
2124,-0.2175267699249548
2125,0.18147170084459766
2126,0.6674172310392513
2127,1.019539355697696
2128,1.3888181601935468
2129,1.6665927125740054
2130,1.8962080776136583
2131,2.1438828797234506
2132,2.337639413986409
2133,2.4220453994173265
2134,2.540870562055124
2135,2.231489460321065
2136,1.956830101201419
2137,1.5383815329116337
2138,1.2322764993892763
2139,0.7120310853380213
2140,0.36517534272592056
2141,-0.07803223707132856
2142,-0.5276501122051133
2143,-0.9331400435226624
2144,-1.3826756900132084
2145,-1.7517322099536472
2146,-1.936893289771571
2147,-2.04937858225606
2148,-2.150205643774248
2149,-2.130666972682824
2150,-1.9663529526124346
2151,-1.8330920448462185
2152,-1.696218763836324
2153,-1.2206752964627636
2154,-0.8186881985017754
2155,-0.45016186098203836
2156,-0.0770227397995012
2157,0.2918065764369322
2158,0.807019188671861
2159,1.0771439578060487
2160,1.4468999300469376
2161,1.748080746005546
2162,2.0014354473123324
2163,2.074673304101615
2164,2.2132132201443633
2165,2.2020362720622795
2166,2.0055463323507343
2167,1.7172495944785982
2168,1.4191419037017607
2169,1.0422785732402313
2170,0.5946110942983804
2171,0.20475870231523538
2172,-0.22585981946104516
2173,-0.4940052833066305
2174,0.020703771273807653
2175,0.4567553673852933
2176,0.8870642571381786
2177,1.2539786696183002
2178,1.5340851583407533
2179,1.7158846406406443
2180,1.7769102371384533
2181,1.2765785544403603
2182,0.9952950401813672
2183,0.7295413490115237
2184,0.6220131315306459
2185,0.5656870465864571
2186,0.6540174826887668
2187,0.9686937430057379
2188,1.266245208264226
2189,1.6730094638225572
2190,2.0285289008355387
2191,2.269755777185478
2192,2.435966494571117
2193,2.5429528626035687
2194,2.4252508131621258
2195,2.421559529099673
2196,2.305224937951569
2197,2.093176637682501
2198,1.9223347948511809
2199,1.6294987708089168
2200,1.304136151825739
2201,0.8422576280463113
2202,0.5106661244815507
2203,0.047654974873436826
2204,-0.3457155277956799
2205,-0.7851692647060312
2206,-1.3329492292957024
2207,-1.5971323584845616
2208,-1.8579453467985825
2209,-2.1629384512411076
2210,-2.340302243337361
2211,-2.2653157256585166
2212,-2.314143125156408
2213,-2.183087937598967
2214,-1.7819549634672835
2215,-1.4589621990286539
2216,-1.0657025235162203
2217,-0.7176117913606442
2218,-0.4435256560894959
2219,0.008388814485802044
2220,0.3511393039728298
2221,0.6776622569444277
2222,1.0767179572110601
2223,1.3330405250635913
2224,1.6117991602666506
2225,1.7621723049904734
2226,1.8848299916337343
2227,1.883902535977118
2228,1.8392888376530507
2229,1.828360773251724
2230,1.6667988834040475
2231,1.3567387444417123
2232,1.107291402502738
2233,0.7335552856275576
2234,0.39628103691864325
2235,-0.16664178289437984
2236,-0.666155457113866
2237,-1.0335264802155564
2238,-1.3921173293476332
2239,-1.683771889673045
2240,-1.8630361928293986
2241,-2.002278746440742
2242,-2.009003665087145
2243,-1.9439041372958208
2244,-1.9457852975342946
2245,-1.9491888567392395
2246,-1.7622972518594315
2247,-1.508340063870095
2248,-1.1080373453840322
2249,-0.6789907101890876
2250,-0.2552511096091453
2251,0.22288880863965127
2252,0.8438316422342026
2253,1.1839402145108435
2254,1.523232294306315
2255,1.782268615620207
2256,1.9296320917894798
2257,2.1010995182805727
2258,2.1156846946829373
2259,2.010878418795181
2260,1.839019055796932
2261,1.7282187088274825
2262,1.504664661328545
2263,1.1330833388370625
2264,0.7946589693288044
2265,0.3854032627079568
2266,-0.016426527250699232
2267,-0.4888346031911832
2268,-0.9674670304563739
2269,-1.3415688439264166
2270,-1.712214936994203
2271,-2.0186535784961848
2272,-2.278104906084971
2273,-2.509667650079965
2274,-2.5070176465744054
2275,-2.2972860707677705
2276,-2.051401274543212
2277,-1.6808458574674998
2278,-1.4748576406931886
2279,-1.072271770339438
2280,-0.6989520674087465
2281,-0.3438778559422367
2282,0.16593696510762945
2283,0.5666530644986938
2284,0.819961609681108
2285,1.2572097474023405
2286,1.5916847712620283
2287,1.8368495376976575
2288,1.905541847724949
2289,2.0177855697570464
2290,2.1411184290651555
2291,2.070730434711449
2292,1.7747924671221782
2293,1.5016486267139677
2294,1.3640223129564353
2295,1.375489024345063
2296,1.4426278675305508
2297,1.481382273367852
2298,1.6609240249187998
2299,1.8391463540629587
2300,2.05947819477945
2301,2.329683749909568
2302,2.4190306996803606
2303,2.667190433343952
2304,2.720396767466538
2305,2.739218069942001
2306,2.6679870273473236
2307,2.4944594901609936
2308,2.2666310740569524
2309,1.687853795533758
2310,1.3936422775217807
2311,0.9245457478621789
2312,0.501190624827047
2313,0.09719820438083718
2314,-0.25070129693245
2315,-0.748352434911068
2316,-1.1657450539854517
2317,-1.5190741247661026
2318,-1.7677940299311181
2319,-1.9837835682266594
2320,-2.0541078342836645
2321,-2.2254264218833577
2322,-2.1697805262036196
2323,-1.8947710123331163
2324,-1.711513817013032
2325,-1.4035656708054867
2326,-1.0026021981596078
2327,-0.6108800573820768
2328,-0.06769695808537338
2329,0.3197376274521298
2330,0.7486520064554714
2331,1.1251093414446625
2332,1.5561117140184746
2333,1.7867763940408419
2334,2.159455826190292
2335,2.2272471166792496
2336,2.41669635667998
2337,2.295050060003024
2338,2.2365926437235712
2339,2.0442227449657384
2340,1.8538553049832691
2341,1.5556040416237447
2342,1.2361834933395424
2343,0.72719469843849
2344,0.16976707148693232
2345,-0.34242070233863736
2346,-0.8332229380765049
2347,-1.273890185712798
2348,-1.6300836041495663
2349,-1.9303114804390684
2350,-2.114996122482339
2351,-2.295500061462613
2352,-2.384336317217543
2353,-2.3437414403842904
2354,-2.125299779713883
2355,-1.960665884107403
2356,-1.6927159182365499
2357,-1.3529658341037825
2358,-1.0489629950996164
2359,-0.6542473752395358
2360,-0.26682313319201667
2361,0.25396672295653205
2362,0.738112459897042
2363,1.0534827230494026
2364,1.387250251801866
2365,1.7147934337823185
2366,1.0172158186553444
2367,0.4798127532949393
2368,-0.019138266120835842
2369,-0.16135557055021565
2370,-0.37269862619425886
2371,-0.45847984006632264
2372,-0.4826056530737722
2373,-0.3169397894755511
2374,0.022830101029033212
2375,0.33094886373461335
2376,0.6370297515067463
2377,1.0246965018871708
2378,0.4878566194352646
2379,-0.01618306869182505
2380,-0.6581695563819153
2381,-0.9860332142334551
2382,-1.25485638182501
2383,-1.5295986373292545
2384,-1.5965178039640546
2385,-1.5176297110022494
2386,-1.4949388556563428
2387,-1.2621016270636451
2388,-1.010877006459537
2389,-1.2160709844938191
2390,-1.2676931950530557
2391,-1.371356864541897
2392,-1.5760810982158706
2393,-1.7541677776555367
2394,-1.9822359184657876
2395,-2.003398398252787
2396,-2.2310894017021394
2397,-2.4355214353313834
2398,-2.4422059445580757
2399,-2.4776468516936285
2400,-2.4223911131134908
2401,-2.29769186842787
2402,-2.023096750855479
2403,-1.8355018389130349
2404,-1.4229136976602899
2405,-1.0040456010789696
2406,-0.45515311681354775
2407,-0.03763930868696792
2408,0.29174050150685454
2409,0.7158593099152839
2410,1.1188889284138432
2411,1.5472123848703174
2412,1.729160638580443
2413,1.816905354598855
2414,1.9825229549991996
2415,2.1927419661839394
2416,2.2006380085531263
2417,2.1248756049532043
2418,1.8035807644161452
2419,1.5382032173634266
2420,1.3089045431192263
2421,0.9453420055943133
2422,0.39886030366531716
2423,-0.01685358343113214
2424,-0.3872902877953408
2425,-1.0430943005975004
2426,-1.386597513588101
2427,-1.7489221057440059
2428,-1.9064054918185518
2429,-2.1102701783943085
2430,-2.1668271927320415
2431,-2.182619263729593
2432,-2.15218561205173
2433,-1.8411736008856892
2434,-1.6836399034733027
2435,-1.3991625846930162
2436,-1.0654609813326914
2437,-0.672761480718822
2438,-0.1175361121607014
2439,0.3232182072319142
2440,0.6715457919584412
2441,1.1633766461239936
2442,1.5460597091027757
2443,1.7762471287565493
2444,2.092720407643618
2445,2.116514679193178
2446,2.1000861692613313
2447,1.9735867659328221
2448,1.751002194755454
2449,1.7266206978319647
2450,1.5267943367510586
2451,1.1192309570624068
2452,0.7946242188211695
2453,0.5028569989552933
2454,0.04192117532454257
2455,-0.38530023899429033
2456,-0.6127275111018883
2457,-1.02288375131522
2458,-1.4858451158250219
2459,-1.8003469785679334
2460,-2.129223695016567
2461,-2.1851986510708477
2462,-2.296030161701156
2463,-2.318172067797137
2464,-2.0066254095238576
2465,-1.6866222694837691
2466,-1.526751556749849
2467,-1.4655968777290647
2468,-1.351585812642805
2469,-1.376804716543851
2470,-1.5616400442331535
2471,-1.7900893173279955
2472,-1.9466334295075243
2473,-2.12650302958574
2474,-2.321276101429723
2475,-2.418451928847013
2476,-2.604549563453565
2477,-2.695159563080616
2478,-2.590369679861166
2479,-2.447665932639385
2480,-2.428666981753942
2481,-2.147704197894751
2482,-1.6428708788632456
2483,-1.2204448142901951
2484,-0.8707275694514717
2485,-1.096060700945006
2486,-1.2715109270826137
2487,-1.4132659073231655
2488,-1.810571528420088
2489,-2.0114258772536107
2490,-2.2358819214376413
2491,-2.369034901776518
2492,-2.575458566414107
2493,-2.4892026424682414
2494,-2.3233063723824583
2495,-2.1656177849168587
2496,-1.8563282693575123
2497,-1.6652411855605573
2498,-1.3515826826721276
2499,-0.9514445338547312
2500,-0.5451933024093404
2501,-0.16754717600122224
2502,0.2322032873481254
2503,0.7507413496307985
2504,1.1160738134133812
2505,1.5372962247159616
2506,1.7971480865610006
2507,2.0926714749644644
2508,2.2200842084536814
2509,2.3130107120003007
2510,2.217501206378147
2511,2.1248927199799628
2512,1.8802281872786555
2513,1.5928352718925627
2514,1.254971920497256
2515,0.8832969746770281
2516,0.5706435512989178
2517,0.11028742955994497
2518,-0.29970121246007997
2519,-0.6199961193837042
2520,-0.967397810578437
2521,-1.459047190339154
2522,-1.8477093484814335
2523,-2.0047235814597553
2524,-2.163346098958897
2525,-2.321101257450995
2526,-2.298886976162553
2527,-2.112812055969374
2528,-1.9209290625647717
2529,-1.6270190677552838
2530,-1.3025126733838635
2531,-0.9665106716295503
2532,-0.5189644596223721
2533,-0.21331805889723282
2534,0.1751574156340021
2535,0.6780240027789728
2536,0.9564236007350565
2537,1.312641128241516
2538,1.5687193909888277
2539,1.7464765318192716
2540,1.9583694029498184
2541,2.0885052282695824
2542,1.9479754457245053
2543,1.6116509064270965
2544,1.4250798314140611
2545,1.0294382505947177
2546,0.8111688205759915
2547,0.46241054878163634
2548,-0.03199446378192844
2549,-0.468458059752148
2550,-0.9247839260133436
2551,-1.3283588075943742
2552,-1.7708072118970033
2553,-1.8933174989259356
2554,-2.1690167405135323
2555,-2.2847894012945207
2556,-2.2937777288535472
2557,-2.176340701282543
2558,-2.0781086150765464
2559,-1.9262001071168788
2560,-1.6711998790295057
2561,-1.564447510763712
2562,-1.5653631125128977
2563,-1.602793596562817
2564,-1.861744590416321
2565,-2.0345633043689024
2566,-2.2177687724438178
2567,-2.21640740568164
2568,-2.2842034271362737
2569,-2.4027547088745305
2570,-2.4442680759406614
2571,-2.582718213529635
2572,-2.5533139966024274
2573,-2.4044986488264395
2574,-2.3263166560658113
2575,-2.2019662354032468
2576,-1.8578945410736643
2577,-1.5975002472420081
2578,-1.1322302337781525
2579,-0.6028273412845819
2580,-0.23695364563541846
2581,0.14328443117244563
2582,0.6672552293950134
2583,1.060904804420676
2584,1.4729552225068119
2585,1.7204278790121632
2586,1.9062805222356134
2587,2.0315780933991876
2588,2.204030572341267
2589,2.2044641965333214
2590,1.9946117348575878
2591,1.7901541495618916
2592,1.4767836722256582
2593,1.0969326074765107
2594,0.7590720852333431
2595,0.36880678985832166
2596,-0.1328317778120826
2597,-0.5423575048305029
2598,-0.9766034989134493
2599,-1.2925800580978293
2600,-1.6440961675966217
2601,-1.8944084140411017
2602,-2.095616204040137
2603,-2.308839406625407
2604,-2.1594735403658745
2605,-2.077013169551474
2606,-1.7851338055509114
2607,-1.5657291155658488
2608,-1.2302145461210023
2609,-0.9517983295600491
2610,-0.6211699123812693
2611,-0.21182312490100294
2612,0.33955110556773904
2613,0.6608103551440228
2614,0.8917255783025355
2615,1.3378603743853599
2616,1.6914028878040228
2617,1.8769892909019112
2618,2.1929284461796996
2619,2.4075478994897126
2620,2.2081398986850034
2621,2.0390633296732386
2622,1.6066285407556087
2623,1.3734800681048296
2624,1.262484924452139
2625,1.2463252907191777
2626,1.238849770884948
2627,1.4362240385429026
2628,1.6742821322396637
2629,1.9552978623614596
2630,2.056561190711124
2631,2.2304362177648267
2632,2.349234264520691
2633,2.365523991908187
2634,2.409243278768218
2635,2.3221336679611393
2636,2.1441085846989583
2637,2.07067808218218
2638,1.8183481583129655
2639,1.4822593885320972
2640,1.25022035863958
2641,0.9103910062737139
2642,0.32821958450467154
2643,-0.0526300847729547
2644,-0.4378246238253205
2645,-0.8624119410074049
2646,-1.2517334333748185
2647,-1.6904565844920845
2648,-1.7587759100064035
2649,-1.966080629579341
2650,-2.044859158258711
2651,-2.086100310502747
2652,-2.0814898738082905
2653,-1.8651114365555486
2654,-1.6385012687398037
2655,-1.3757778735341932
2656,-1.0096497839971166
2657,-0.6391488373343701
2658,-0.09569104900413117
2659,0.3639136507803883
2660,0.7871016680656399
2661,1.0277136476589877
2662,1.4129168954824922
2663,1.7382500854610965
2664,1.8764019287178806
2665,1.9131527380764322
2666,2.0678377727595056
2667,2.1382492611722728
2668,1.9947443978553263
2669,1.7763678296846557
2670,1.5551234567540406
2671,1.2222031504911948
2672,0.7551379418292384
2673,0.30984010387525285
2674,-0.045916282212471474
2675,-0.5152053470695952
2676,-0.8157902372855181
2677,-1.1404815674054982
2678,-1.4418627651902924
2679,-1.7111258436474706
2680,-1.981903728934016
2681,-1.211014916358059
2682,-0.727723170783809
2683,-0.25210846977099455
2684,0.10705815825720666
2685,0.20714478877211778
2686,0.29032407075366595
2687,0.07490064328223374
2688,-0.08598983932859341
2689,-0.3524117437377071
2690,-0.5931778484043126
2691,-1.0760929016911647
2692,-1.322851552246383
2693,-1.6684538078111086
2694,-1.9163788205021766
2695,-1.955403793928802
2696,-2.0771510654959773
2697,-2.1424178160766525
2698,-2.139012595615301
2699,-1.992982916648691
2700,-1.80367424486922
2701,-1.584590315337898
2702,-1.3088321981664555
2703,-0.9810141205980211
2704,-0.6245850552160312
2705,-0.3247891317460743
2706,0.13860415049870034
2707,0.5053581912261995
2708,0.9827373648491599
2709,1.3154789116137167
2710,0.6890180162276995
2711,0.09988343741362313
2712,-0.3703906985842728
2713,-0.6940920833027748
2714,-0.9362879211473297
2715,-0.8740135948625603
2716,-0.7433605405726508
2717,-0.5369966817826484
2718,-0.3797380120205902
2719,-0.22280638520247728
2720,0.12407566088373949
2721,0.4039498834689798
2722,0.8158046527116519
2723,1.086675134750595
2724,1.4363948377756808
2725,1.8115154752766474
2726,2.014201499641047
2727,2.163092887909748
2728,2.155292710658533
2729,2.1522271457120277
2730,2.149820081240834
2731,2.074009733787636
2732,1.9271546474458705
2733,1.5155912025151914
2734,1.182205369165101
2735,0.7215172600811641
2736,0.36538001882577076
2737,-0.16174978690621594
2738,0.18611331843534576
2739,0.6793480029405284
2740,1.0238748449356494
2741,1.4791500713907884
2742,1.7970696106101145
2743,1.9688688196999533
2744,2.1638652392512556
2745,2.1761997747633783
2746,2.1804869074795343
2747,1.9835103021120593
2748,1.855377282473066
2749,1.4458301868785102
2750,1.0322908180431363
2751,0.5978966301555917
2752,0.1700299569321035
2753,-0.19562988071152082
2754,0.25964328182118035
2755,0.7486898708593086
2756,1.2237472128826992
2757,1.411365995903994
2758,1.7877329376880968
2759,1.9537164971590957
2760,2.1991741342140494
2761,2.1410742080502745
2762,1.9200047029055072
2763,1.8393684422306287
2764,1.6681210495858174
2765,1.3726553155262777
2766,1.2267683937363152
2767,1.338048930184309
2768,1.4813601293160241
2769,1.6206561393946597
2770,1.856357996010327
2771,2.078403051938647
2772,2.194038858812531
2773,2.43290654489472
2774,2.59795449760177
2775,2.646223042487425
2776,2.693428875148999
2777,2.7494260132855874
2778,2.4809668746544453
2779,2.217919721102293
2780,1.899567586063777
2781,1.608502346986264
2782,1.1533234876139664
2783,0.781933165122032
2784,0.28875933099754775
2785,-0.24502548271332547
2786,-0.6562576456146627
2787,-1.0854192712522812
2788,-1.408650035186657
2789,-1.6581819531260082
2790,-1.999389937745707
2791,-2.1537423650249936
2792,-2.1845749365154212
2793,-2.0756816870083283
2794,-1.906373513048627
2795,-1.785948302440591
2796,-1.5326323538921949
2797,-1.1686985820826952
2798,-1.204707663543839
2799,-1.3624066944252606
2800,-1.5189810336505605
2801,-1.6823519938344713
2802,-1.9669258008389072
2803,-2.1191326194523668
2804,-2.290491890670314
2805,-2.386047458593708
2806,-2.4887258715584837
2807,-2.383545173753342
2808,-2.338031089094371
2809,-2.1890820797492263
2810,-1.646739175539881
2811,-1.3412746833153826
2812,-1.1478249388858008
2813,-1.1480683785799894
2814,-1.0655683019523698
2815,-1.1744853187360136
2816,-1.4374257001278845
2817,-1.549451748106153
2818,-1.8022420927780154
2819,-1.959386137784322
2820,-2.288815447174913
2821,-2.335463987603253
2822,-2.395267924127234
2823,-2.4911277257079636
2824,-2.4034445598875194
2825,-2.1566046011725106
2826,-2.0186595262348535
2827,-1.804290232250673
2828,-1.4920986537102092
2829,-1.1089116535933543
2830,-0.6222632838445195
2831,-0.1648572222608333
2832,0.24058278897675353
2833,0.6761879700062384
2834,1.1934637274880902
2835,1.5642457118592281
2836,1.8175023048601744
2837,1.9985378118865764
2838,2.145317270503604
2839,2.265607563272446
2840,2.164993496173947
2841,2.1095719695438295
2842,1.8977057967620687
2843,1.6297091241566186
2844,1.5026087445475946
2845,1.1486115163747606
2846,0.6669840509559674
2847,0.2504336911707813
2848,-0.12205149758718414
2849,-0.5105339495063512
2850,-1.083752255761683
2851,-1.64294565005102
2852,-1.8871360517637783
2853,-2.028723177872689
2854,-2.107707857476527
2855,-2.1725041902584654
2856,-2.0610377719087123
2857,-1.8422594658956881
2858,-1.7716357367784628
2859,-1.6182621699082496
2860,-1.2299941004480999
2861,-0.7748270240228593
2862,-0.40782795546762823
2863,-0.13362592937618276
2864,0.3156935256304721
2865,0.7699169493695646
2866,1.1283438026912258
2867,1.5383747197907072
2868,1.8163057311901003
2869,1.9402916526624472
2870,2.0000279670020826
2871,2.0287526801153986
2872,1.9429119026347732
2873,1.6730332915335295
2874,1.4962145405327638
2875,1.185051437872938
2876,0.8346362982475198
2877,0.3952755298128684
2878,0.14088749311843324
2879,-0.22026339187602784
2880,-0.4852988578161589
2881,-0.9142414293305315
2882,-1.222701976356482
2883,-1.5159367501854364
2884,-1.8124613251584174
2885,-1.9973477479235824
2886,-2.0264832080164994
2887,-2.1059106128853498
2888,-1.9278530777318335
2889,-1.7505144538715354
2890,-1.4450744323346458
2891,-1.1244739052661261
2892,-0.9064563074375371
2893,-0.5110776966640007
2894,-0.011803493594870984
2895,0.4079703636760167
2896,0.8038721285505175
2897,1.1829246820942696
2898,1.3685064014627584
2899,1.7472830132398172
2900,1.7776278897982523
2901,2.0399249613235018
2902,2.0638522971846056
2903,2.0705604533876194
2904,1.8096761499339085
2905,1.696187490567075
2906,1.4857618442105047
2907,1.2025958825969523
2908,0.6795314928467598
2909,0.23419244266452716
2910,-0.13042521136265714
2911,-0.4436701717417526
2912,-0.9138942541658868
2913,-1.3378098614682417
2914,-1.6110964563737316
2915,-1.6628404931690148
2916,-1.9145977879626754
2917,-2.0578681038985427
2918,-2.123908024970889
2919,-2.069171523152453
2920,-1.8274601791831402
2921,-1.625595273602687
2922,-1.1468157106981827
2923,-0.835093265943074
2924,-0.38133498041958463
2925,-0.03835616395444684
2926,0.2528351032587781
2927,0.6475301752326198
2928,1.0698977855285832
2929,1.3483135621256188
2930,1.7340360515582447
2931,1.9172236975313928
2932,1.9906395529467664
2933,2.2585323559799346
2934,2.171254378595775
2935,2.037890501963587
2936,1.925422746532009
2937,1.6506106410558177
2938,1.265158779095238
2939,0.8720808698371524
2940,0.6432595411650615
2941,0.2620535325964778
2942,-0.1140299290642368
2943,-0.5256439258810744
2944,-0.8963463917496203
2945,-1.2919163322435283
2946,-1.5807120659125362
2947,-1.9642847841349609
2948,-2.0183165660276305
2949,-2.112239506595474
2950,-2.1744383116609955
2951,-2.0357019931265574
2952,-1.853172318589278
2953,-1.5107951581999524
2954,-1.1971477528595391
2955,-0.8784338393384133
2956,-0.4733170643516068
2957,0.0646527170502555
2958,0.5473384379620824
2959,0.9732279134179592
2960,1.3989544637195097
2961,1.7409726258202756
2962,1.9015477961978977
2963,2.1372885999144127
2964,2.317530441054481
2965,2.4106616547897097
2966,2.232124368543296
2967,2.036531666066352
2968,1.7626079596009439
2969,1.4557297778239917
2970,1.1558696874744747
2971,0.7841556133511536
2972,0.3825420727482959
2973,-0.1491742359370592
2974,-0.5979139758249181
2975,-0.8784559218293517
2976,-1.1517863810253464
2977,-1.4819344013766966
2978,-1.679168553201507
2979,-1.8440343376209567
2980,-1.888125152114276
2981,-1.8617131112191987
2982,-1.6634476734245014
2983,-1.5608801020794902
2984,-1.3318746500788428
2985,-1.0487709682624078
2986,-0.7408278260512464
2987,-0.4041051473009189
2988,0.11507048285371388
2989,0.49287161137926694
2990,0.921282901258722
2991,1.3944794453681841
2992,1.7299095671626317
2993,2.00866311745246
2994,2.185594192232719
2995,2.3261694207154764
2996,2.331563157082205
2997,2.498950643142657
2998,2.238216748737447
2999,2.015109696686489
3000,1.7822347017133142
3001,1.6348011327384817
3002,1.5442228097257367
3003,1.4496649511099993
3004,1.4854266081934189
3005,1.6906297087837618
3006,1.74742239193521
3007,2.0268551948448024
3008,2.3207410665487958
3009,2.5315649943518626
3010,2.699140474785519
3011,2.529269348245051
3012,2.3589176470182514
3013,2.2649669353274033
3014,2.040432351432143
3015,1.7108601185371346
3016,1.4143860599830367
3017,1.2235350720825235
3018,0.991382023745873
3019,0.4906663094524888
3020,0.06315745513485876
3021,-0.3358466144735491
3022,-0.7700070371069795
3023,-1.0440213497408024
3024,-0.41948905282138393
3025,0.08439347012704304
3026,0.4633505035273708
3027,0.777346063090199
3028,0.7949019281913947
3029,0.9143948755408303
3030,0.9524950993685213
3031,0.7032298078567265
3032,0.5809097162221246
3033,0.2818516618329938
3034,0.029875964475940864
3035,-0.2698700070555858
3036,-0.5943873577634471
3037,-0.8753329608586818
3038,-1.4608354209441448
3039,-1.819580642603029
3040,-2.0591317515823344
3041,-2.3589190604182058
3042,-2.38236800270045
3043,-1.712588964220799
3044,-1.0635350070322733
3045,-0.5928611148434516
3046,-0.3787270899306134
3047,-0.29919529789958055
3048,-0.4265541238025519
3049,-0.5179563969033941
3050,-0.6250979045881176
3051,-0.8374153789408557
3052,-0.9977238314952365
3053,-1.3246242824499506
3054,-1.6358608806063981
3055,-1.9546658695120962
3056,-1.9844085442846344
3057,-2.262206932790273
3058,-2.284317405051597
3059,-2.2338624794244812
3060,-2.118999462267454
3061,-2.05931470935337
3062,-1.9506892763374104
3063,-1.6710800566370474
3064,-1.276574673199085
3065,-0.9382062457058278
3066,-0.5382410416895187
3067,-0.14418654822738158
3068,0.3077358185315409
3069,0.7328585994991061
3070,1.2461569738651166
3071,1.6106660173770586
3072,1.7649219633193525
3073,1.870294058286275
3074,2.0607217904482242
3075,2.099582053065673
3076,2.2113466684683027
3077,2.216252762806772
3078,1.8946095707684867
3079,1.6154773080718776
3080,1.1646604832965533
3081,0.8356400849148867
3082,0.5535240976234751
3083,0.11307452190089924
3084,-0.3638629770531251
3085,-0.7462781723517501
3086,-1.0512762996084926
3087,-1.3122242282617749
3088,-1.6222924773539955
3089,-1.867921600501004
3090,-1.9528546494431578
3091,-2.000619696822264
3092,-1.8330927769038952
3093,-1.7247911945947647
3094,-1.5012104953012793
3095,-1.1878998687937845
3096,-0.9640638271526556
3097,-0.6156576281018017
3098,-0.038940094018627275
3099,0.43604418173596815
3100,0.7947443198099575
3101,1.220677141005893
3102,1.6394140745937535
3103,1.8775799024797397
3104,2.1394257063194484
3105,2.3074156642381864
3106,2.2473764829199587
3107,2.1960798932349457
3108,2.2115044920436517
3109,2.15332871562042
3110,1.924262718282056
3111,1.5124996025638444
3112,0.942469038022439
3113,0.48220606015268774
3114,-0.03066647540598469
3115,-0.2959132115743427
3116,-0.8437215459950188
3117,-1.2893258987833311
3118,-1.5729900999768538
3119,-1.821869868835825
3120,-1.8811673572818564
3121,-1.9598003364330427
3122,-2.021723057439959
3123,-1.8851043617303125
3124,-1.8114503859591016
3125,-1.4908528396531395
3126,-1.3171186127706378
3127,-1.2175316978882287
3128,-0.8267092667467271
3129,-0.5662457682033204
3130,-0.0339183856523729
3131,0.41635726790558286
3132,0.9611276901453039
3133,1.2977840429175662
3134,1.496325775016558
3135,1.7986387580078993
3136,1.9421146086640462
3137,2.1160252537374595
3138,2.0678665539826393
3139,2.1247241654317026
3140,1.974214646560536
3141,1.7321687296584336
3142,1.5445148535403077
3143,1.2560396774937843
3144,0.7860523925473208
3145,0.4326878926819169
3146,0.04283965208186696
3147,-0.40558039042609145
3148,-0.7516361817026308
3149,-1.0180847427175725
3150,-1.3606723446951057
3151,-1.6307263710208073
3152,-1.8247271854981924
3153,-1.98300781011859
3154,-1.9913408553498055
3155,-1.922656682442439
3156,-1.775381153774959
3157,-1.5528001282226165
3158,-1.3331077821789865
3159,-0.8755898366939476
3160,-1.0400379818053804
3161,-1.0970365141468583
3162,-1.404470902402501
3163,-1.5029923663772002
3164,-0.8122255202628977
3165,-0.11004675473039306
3166,0.4168854285626662
3167,0.7278594067867862
3168,0.9507277823920439
3169,1.1223459089977004
3170,1.211261181356754
3171,1.2291955352113637
3172,1.1792958905260487
3173,0.9969231958161019
3174,0.7787663345904756
3175,0.5109781779814171
3176,0.14290468056280897
3177,-0.17712219603613674
3178,-0.49282772605926206
3179,-0.8395396096121547
3180,-1.156391690076741
3181,-1.4601976858058625
3182,-1.629661778457466
3183,-1.8342781239559558
3184,-2.007604797780662
3185,-2.036551290697321
3186,-2.0811723621296823
3187,-2.037401225170996
3188,-1.7247816656254926
3189,-1.3120904480294446
3190,-1.007376980361538
3191,-0.5565190282865639
3192,-0.29723635065092546
3193,-0.015756398588321646
3194,0.5231560437889868
3195,0.9655539908316165
3196,1.323727739400818
3197,1.7641974156277211
3198,1.9743152432273903
3199,2.04669821832656
3200,2.0168776900321843
3201,2.0388595173559283
3202,1.9884767451304097
3203,1.8210087273010769
3204,1.6714836496212255
3205,1.4784856119770444
3206,1.391794054839978
3207,1.2997565293111848
3208,1.4629861416200745
3209,1.7402957844703986
3210,1.908693570627213
3211,2.1559137743449335
3212,2.252921111035594
3213,2.438155872999405
3214,2.594402715606758
3215,2.663627741176348
3216,2.7974958270430745
3217,2.7955068526401985
3218,2.647589294054946
3219,2.4544802609900778
3220,2.1856044972055977
3221,1.7992501219757198
3222,1.3496981112656015
3223,0.8482382730216507
3224,0.291339790025057
3225,-0.03692039736691119
3226,-0.32280912446232735
3227,-0.7545859202758473
3228,-1.129932103142465
3229,-1.395408247497272
3230,-1.6507025893495237
3231,-1.8865788110724266
3232,-2.0446593599121274
3233,-1.8410144452713593
3234,-1.8651879602979362
3235,-1.6353418377932316
3236,-1.4860390477445493
3237,-1.1490145022348588
3238,-0.7876160143786874
3239,-0.4754958212200574
3240,0.023172158838523638
3241,0.3722461436109678
3242,0.6774461849900775
3243,1.1379687064739643
3244,1.446417091713969
3245,1.6606369586862695
3246,1.9315373434817875
3247,1.9562755539211325
3248,1.8608352739437128
3249,1.934485825268726
3250,1.9479479659672334
3251,1.707607238679554
3252,1.192560169551674
3253,0.8666274621594954
3254,0.5783532772632154
3255,0.27257912845826365
3256,-0.22930078108879115
3257,-0.6545148079311416
3258,-1.0095497691484334
3259,-1.2844473294184082
3260,-1.5255245529938113
3261,-1.7226937394226165
3262,-0.9311282097498159
3263,-0.4127396267025685
3264,0.08202449356687436
3265,0.2514919446713749
3266,0.40211970346700965
3267,0.3416766739185375
3268,0.21459832211886556
3269,0.021880610888595324
3270,-0.2722343064362533
3271,-0.46864633891341634
3272,-0.8267867474559446
3273,-1.1526536374411924
3274,-1.4136592434390907
3275,-1.494004769525292
3276,-1.7051179767022635
3277,-1.9009674066409474
3278,-2.1737384355142586
3279,-2.2076783269331304
3280,-2.1994418461843925
3281,-2.0781778667053503
3282,-1.8896078747709015
3283,-1.549627401443593
3284,-1.219822423918481
3285,-0.9002952392579949
3286,-0.3991504572800296
3287,-0.06569906567452613
3288,0.376248976335169
3289,0.7838523735926556
3290,1.1956915767709042
3291,1.616096503112197
3292,2.0837897404032537
3293,2.2374193610483584
3294,2.2592058756996125
3295,2.2035989984527213
3296,2.0755934500821973
3297,1.961460569229459
3298,1.5800660346548745
3299,1.2185268955211348
3300,0.9376852126607769
3301,0.6578008537062018
3302,0.3361398932084258
3303,-0.0782303452635966
3304,-0.4304686511765523
3305,-0.7410979905121878
3306,-1.1504033227186634
3307,-1.3833856514578384
3308,-1.7703300721350477
3309,-2.038540746385944
3310,-2.135610523840814
3311,-2.252800648744351
3312,-2.0896642924517836
3313,-1.9471696972103314
3314,-1.6955167266950883
3315,-1.6061123257301395
3316,-1.2055953771984314
3317,-0.7952695899273492
3318,-0.39741942904060634
3319,0.11143965380254284
3320,0.5093753277443072
3321,0.91721804887076
3322,1.3160111128902308
3323,1.713679686231417
3324,2.019376357468028
3325,2.1121948985550367
3326,2.103718119399062
3327,2.196717087209388
3328,2.0333506959328065
3329,1.6672323428213178
3330,1.28008666196921
3331,1.0228247897871012
3332,1.068922769445388
3333,1.1722440672761918
3334,1.4164498253017166
3335,1.5681251258403306
3336,1.826310603448379
3337,2.1064188405493556
3338,2.241574008306518
3339,2.375359654537843
3340,2.3966624255592572
3341,2.517207547283804
3342,2.535146716967848
3343,2.477729985058448
3344,2.2701967865041026
3345,2.058840208051582
3346,1.5296429708949102
3347,1.1760899754460563
3348,0.9210606883029184
3349,0.4905196585169728
3350,0.1326996963338087
3351,-0.3298235235583745
3352,-0.6398535722691407
3353,-1.0962563022973395
3354,-1.389822398823159
3355,-1.7059963432241836
3356,-1.868771226015637
3357,-2.016676787029939
3358,-2.0303893503232238
3359,-1.9916387641360584
3360,-1.7812082675047685
3361,-1.520137304639304
3362,-1.2879717507152906
3363,-0.9948639023113967
3364,-0.6691877808535641
3365,-0.3242540089531128
3366,0.18134259711816425
3367,0.5325942837381066
3368,0.9682162198906424
3369,1.2894559198792395
3370,0.6858825106508086
3371,0.2670659232197571
3372,-0.4213144760357468
3373,-0.7887613398370652
3374,-1.003485534569556
3375,-1.0760323900834092
3376,-1.0484288807441202
3377,-1.0070661550156688
3378,-0.6181227391641437
3379,-0.36138864482108446
3380,0.0012335904100954295
3381,0.3910257328296922
3382,0.6305424748616972
3383,0.9724193546385447
3384,1.3807813608366455
3385,1.7930846110452003
3386,1.9955649785775929
3387,2.0607380944195053
3388,2.1281350393119394
3389,2.1388313688090816
3390,2.067682104243444
3391,1.8820273644635523
3392,1.5852067183893874
3393,1.2581117890625533
3394,0.9230236173213984
3395,0.6466322570203877
3396,0.35599726818338545
3397,-0.04686294223081868
3398,-0.5441579290984714
3399,-0.9663964477968927
3400,-1.468402654366313
3401,-1.626349787853907
3402,-1.9142575962586632
3403,-2.0415968561704867
3404,-2.0460376112035
3405,-1.2608335520838292
3406,-0.7473882457609962
3407,-0.5018226306636694
3408,-0.3162514972398728
3409,-0.16316633233133299
3410,-0.321684919837226
3411,-0.6113112985318065
3412,-0.8940806600838512
3413,-1.1015403112665465
3414,-1.4005096179073373
3415,-1.6698676059168673
3416,-1.8613855369394026
3417,-2.1433637592333805
3418,-2.3041115840937585
3419,-2.43272962879229
3420,-2.310273991054544
3421,-2.2024239269709978
3422,-2.121279159434936
3423,-1.9634088747953742
3424,-1.552692729530383
3425,-1.1121090397232989
3426,-0.740491839435405
3427,-0.37306374232353273
3428,-0.07604701719067142
3429,0.27539560640503224
3430,0.5881280498431767
3431,1.0782059976446632
3432,1.3237823251807628
3433,1.5893933559892375
3434,1.6776091944120717
3435,1.7326909048596666
3436,1.8940665356435005
3437,1.9243501253235293
3438,1.839661313236616
3439,1.6394719508163687
3440,1.2727044914611143
3441,0.9485993543769995
3442,0.6058019144748186
3443,0.2899300663380541
3444,-0.02180873191180749
3445,-0.37464701397496497
3446,-0.7548941134789662
3447,-1.129620651179492
3448,-1.440268830427293
3449,-0.7795371209450574
3450,-0.1954258715454945
3451,0.23040666757202172
3452,0.7244640728065457
3453,0.8991491806386621
3454,0.777565757316112
3455,0.7038964096126228
3456,0.5545855784738394
3457,0.4215148603786938
3458,0.1729481263580257
3459,0.47724706838278913
3460,0.8918243468379432
3461,0.4663691731700345
3462,-0.01859178159722001
3463,-0.5383557427908954
3464,-0.9799839201190558
3465,-1.558706232400426
3466,-1.6702492500360941
3467,-1.8330349622467415
3468,-1.8785121087830534
3469,-1.8664864242438186
3470,-1.5231537285048942
3471,-1.0695970305980094
3472,-0.963933370637639
3473,-0.8472165575963815
3474,-0.986492908051068
3475,-1.210542713951074
3476,-1.3710165252679274
3477,-1.5258061155930653
3478,-1.6870678488267414
3479,-1.9439188664726257
3480,-2.086850033752547
3481,-2.284574180209556
3482,-2.361755600144537
3483,-2.3961244108395205
3484,-2.3629852559403073
3485,-2.2056011471169423
3486,-2.0729278021721806
3487,-1.699244174516561
3488,-1.3914842837950308
3489,-0.9283083006111567
3490,-0.5887661302634046
3491,-0.18388979086156135
3492,0.17244546271093336
3493,0.52091242782438
3494,0.8737210802843655
3495,1.1757540404217195
3496,1.4077666304764724
3497,1.6622058348918136
3498,1.8772053059793667
3499,2.0003442392590887
3500,1.8419069778131694
3501,1.7298806436067515
3502,1.530911718873726
3503,1.4011735975221942
3504,1.0635061902458638
3505,0.6954787654583641
3506,0.19077985234088485
3507,-0.26561849862496845
3508,-0.7652069225374233
3509,-1.1115574233926941
3510,-1.3242211760416984
3511,-1.6829233805427821
3512,-1.9298392600939493
3513,-2.156160017371566
3514,-2.2744259276825347
3515,-2.2508319468963345
3516,-2.003798699039927
3517,-1.7483692801178212
3518,-1.407566611028158
3519,-1.0787636642612428
3520,-0.7936309958190897
3521,-0.4692855502563108
3522,-0.14086386341215204
3523,0.0782535007675289
3524,0.49061895923489535
3525,1.0131197381999346
3526,1.4747842147504184
3527,1.9421988298540493
3528,2.1433969765042966
3529,2.1641697459688642
3530,2.3334658590877266
3531,2.3341877039264363
3532,2.362830802725951
3533,2.264918074154457
3534,1.9185765849485876
3535,1.4731720876236178
3536,0.9956872438408231
3537,0.5355203577074155
3538,0.07521375442399272
3539,-0.36252251085485965
3540,-0.7071087943436073
3541,-1.1127807632936288
3542,-1.4395637712989602
3543,-1.8332069706310268
3544,-2.081769495809893
3545,-2.251105988304249
3546,-2.400507789199957
3547,-2.3494390827168754
3548,-2.3080761361503934
3549,-2.093253342865107
3550,-1.7670846784188519
3551,-1.2844308639651119
3552,-0.961598380433085
3553,-0.5250912824868226
3554,-0.1356591378559458
3555,0.18535126212690178
3556,-0.18915657105311495
3557,-0.6377547286761298
3558,-1.0013489670120939
3559,-1.2036390191759616
3560,-1.510180745009888
3561,-1.784926941263794
3562,-1.9204981576904296
3563,-1.993583093441927
3564,-1.7699934008361966
3565,-1.4135633084254653
3566,-1.1610240169774402
3567,-0.8009803956539947
3568,-0.3797553161614923
3569,0.12403126059091116
3570,0.6410183637234623
3571,0.836208263113732
3572,1.1406397953991905
3573,1.468536183218052
3574,1.6912571087785269
3575,1.8967668844772578
3576,2.0890585091242286
3577,1.9889366937071977
3578,2.0390502598864284
3579,2.042359693872352
3580,1.8795875133274396
3581,1.4568689272688222
3582,1.1533232608625004
3583,0.851448984054583
3584,0.5597802604196411
3585,0.21735647379922513
3586,-0.21908896847049425
3587,-0.6864116125045011
3588,-1.0707890249275325
3589,-1.5442329962603407
3590,-1.8510150570106754
3591,-1.9445412997746294
3592,-2.0837548948963422
3593,-2.1079903193044403
3594,-2.1905820626217043
3595,-1.985504628042788
3596,-1.8100902640848044
3597,-1.523348935844725
3598,-1.162751080124165
3599,-0.7258494868978536
3600,-0.3300495841489541
3601,0.06023707123040339
3602,0.373563635821196
3603,0.6661788651818118
3604,1.0700024326879634
3605,1.4376142256682019
3606,1.7528679786738708
3607,1.8854718302825775
3608,1.970994604429574
3609,2.0339229157862557
3610,1.9632299355793348
3611,2.048449925093403
3612,1.7793170350900986
3613,1.5292588931341093
3614,1.2515007977331338
3615,0.9263897262696268
3616,0.4561865497036318
3617,0.0628624683315109
3618,-0.3413696591901259
3619,-0.7131136627560676
3620,-1.0906753686635622
3621,-1.3580465197432827
3622,-1.617041674671325
3623,-1.9219666525770616
3624,-2.0100842194318975
3625,-2.006678444207513
3626,-1.8869543320370352
3627,-1.7420693711726138
3628,-1.3913480036124026
3629,-1.1431332775651402
3630,-0.8667556923189321
3631,-0.38962123166645507
3632,-0.020701509093391163
3633,0.3775024398421836
3634,0.7917229504287319
3635,1.1738526886717606
3636,1.5444620708898678
3637,1.865929712053199
3638,2.0146476533210658
3639,2.0602724419200467
3640,2.0491810954201117
3641,2.1446289530692972
3642,2.0251388567232858
3643,1.911461744921103
3644,1.7085958685601224
3645,1.3832252086010113
3646,0.9388581064895721
3647,0.5976551583497118
3648,0.170189569479819
3649,-0.3524501139829184
3650,-0.7893069359287187
3651,-1.2771583466203646
3652,-1.6151957474687353
3653,-1.9348884102930177
3654,-2.09909064860332
3655,-2.2077820822188747
3656,-2.2468070515545095
3657,-2.1792890854926097
3658,-1.99983801889497
3659,-1.7213674563388424
3660,-1.3737038587735808
3661,-1.1181721565933034
3662,-0.6580010646336828
3663,-0.27000405723147997
3664,0.10909157427964006
3665,0.4404796216064289
3666,0.6546878657728437
3667,1.087281468331087
3668,1.4579820652353859
3669,1.6850712535904566
3670,1.8471520298620592
3671,1.963592048347272
3672,1.3101399292772962
3673,0.8021443064669765
3674,0.4352344497875027
3675,0.39845171924240014
3676,0.33869744193811296
3677,0.45366048697480693
3678,0.6601346187004729
3679,0.9082916686202192
3680,1.2071190420947595
3681,1.500824244211878
3682,1.7056612087875964
3683,1.9268766002311728
3684,2.2277243647693297
3685,2.33595133551649
3686,2.4286022121404742
3687,2.4913698872423518
3688,2.553017543770531
3689,2.4825091594287616
3690,2.1774812043859217
3691,1.9190517072742816
3692,1.5901198273383907
3693,1.1719979069583897
3694,0.7509786735458988
3695,0.25858627366352166
3696,-0.1892175389702871
3697,0.2553474273816477
3698,0.5569245548638171
3699,0.9844210250897741
3700,1.3083748065684944
3701,1.7112898218596273
3702,1.8937065639770616
3703,1.9725479942795259
3704,1.9519133489654
3705,1.8389253078176337
3706,1.5799430805724997
3707,1.4173162291704606
3708,1.2241889969420512
3709,0.816953072869391
3710,0.5104111931314359
3711,0.2802652680294876
3712,-0.02033928465676002
3713,0.5526818744245262
3714,0.8792581327850113
3715,1.1646866037374493
3716,1.532013836054975
3717,1.7642937607596216
3718,1.7599245268716273
3719,1.811546986086906
3720,1.853987728289196
3721,1.742448423921861
3722,1.5640558956408053
3723,1.2254425080856828
3724,0.8926595958469216
3725,0.5983608724944862
3726,0.1764805464548049
3727,-0.12432164934781591
3728,0.3324984824024467
3729,0.7929561981207006
3730,1.2217349170045377
3731,1.585686819712872
3732,1.759396312208238
3733,1.8828061159899279
3734,1.8419796363907253
3735,1.8669066395267988
3736,1.7627228333825646
3737,1.610914711683561
3738,1.4057922760761201
3739,1.1607919961710342
3740,0.8312074635236198
3741,0.45774784584214456
3742,0.09717130734167462
3743,-0.30818630297527166
3744,-0.6351692971909586
3745,-1.0203795548807713
3746,-1.2423333334531903
3747,-1.6246426182647704
3748,-1.8757905280090563
3749,-2.0723910399704084
3750,-2.114795202124368
3751,-2.169364928839104
3752,-1.9833289695167933
3753,-1.910719481423184
3754,-1.7046148554606049
3755,-1.4706815557317652
3756,-1.0861823451688253
3757,-0.6419028937303854
3758,-0.31709486950219135
3759,0.113411014879867
3760,0.6385333431828101
3761,1.139712891142917
3762,1.5289459913586534
3763,1.615838269968262
3764,1.8451012216973004
3765,2.078091662970126
3766,2.0848794296596758
3767,1.958006096351285
3768,1.9379345735806988
3769,1.837653417402994
3770,1.5537433693796667
3771,1.1241970146261595
3772,0.6286888582614891
3773,0.2718573911120845
3774,-0.17973177699641085
3775,-0.582435268752099
3776,-0.9765738844255234
3777,-1.3881759364896697
3778,-1.806906548135364
3779,-2.0527183838374503
3780,-2.1837750882427316
3781,-2.239638385368452
3782,-2.2854134087926634
3783,-2.094749585575933
3784,-2.0214740393125785
3785,-1.9699116656478295
3786,-1.5594942766250048
3787,-1.179800494154391
3788,-0.8050211908205478
3789,-0.33413947510566283
3790,0.0833074527192078
3791,0.4043151330386465
3792,0.7211972870934362
3793,1.023966501744363
3794,1.3459532697067975
3795,1.5798478435001597
3796,1.8552564133270282
3797,1.9132690528713259
3798,1.886183177219816
3799,1.7695381847691005
3800,1.5711783320035198
3801,1.3063418577137946
3802,0.9462163710708065
3803,0.6527624583440651
3804,0.28945863210784145
3805,-0.1028747328268706
3806,-0.6098529673066888
3807,-0.9413492151799872
3808,-1.2482215969037587
3809,-1.4414826681845534
3810,-1.6848988282551043
3811,-1.7619437955937212
3812,-1.9725278462750488
3813,-1.9135721462667397
3814,-1.8755004939926745
3815,-1.7661067342892371
3816,-1.6196326997967274
3817,-1.4118646487884523
3818,-1.1511521496255028
3819,-0.6596053290270374
3820,-0.29928276952231925
3821,0.1395206316667414
3822,0.5922224766693892
3823,1.0217439716678933
3824,1.3736164770630057
3825,1.7898827483939588
3826,2.0404141440758767
3827,2.141684507714132
3828,2.1984260242272695
3829,2.092321278204694
3830,2.0605207060458777
3831,1.9665885950954372
3832,1.7969351532532445
3833,1.5379563341596378
3834,1.1674713975317736
3835,0.7724472401092514
3836,0.3518601468861318
3837,-0.001825765309484445
3838,-0.5785390381338467
3839,-1.0031016824949297
3840,-1.426878972528101
3841,-1.5531129698143074
3842,-1.708902745731054
3843,-1.9295366653693475
3844,-2.132792573225516
3845,-2.2178386716296425
3846,-2.046540135556868
3847,-2.001204751255815
3848,-1.746630952979467
3849,-1.3701125163678791
3850,-1.1054145259576091
3851,-0.6969840549019716
3852,-0.29900386671187684
3853,0.09854688026888427
3854,0.4772754742052581
3855,0.9553213904242542
3856,1.4209537396239758
3857,1.6816608061892997
3858,1.927300355188034
3859,2.0676759919024583
3860,1.9921373392434556
3861,1.9643684577488578
3862,1.7314032846090353
3863,1.548013784568327
3864,1.328221705051852
3865,1.0982579506323373
3866,0.7727202582457484
3867,0.4565029884961752
3868,-0.02529166915146791
3869,-0.33537286729148896
3870,-0.6351340704637316
3871,-1.180348415227399
3872,-1.62564536233639
3873,-1.877359235542219
3874,-2.100747400713583
3875,-2.232079585805512
3876,-2.228086667255988
3877,-2.092997507802418
3878,-2.031010115048165
3879,-1.7266303877344886
3880,-1.5098911991059063
3881,-0.999647667313895
3882,-0.5440975336451204
3883,-0.21773115320143088
3884,0.08014614817436883
3885,-0.40974660012790654
3886,-0.8789521438290636
3887,-1.199342609153725
3888,-1.6678123569360794
3889,-2.022920739287371
3890,-2.1281678109718523
3891,-2.2682096039585034
3892,-2.2933877401510925
3893,-2.136283076070812
3894,-1.8948267959035183
3895,-1.5736162531792184
3896,-1.2428339527732055
3897,-0.9337381943784749
3898,-0.5847166512114593
3899,-0.21346813357994635
3900,0.11251923070458598
3901,0.46540835937826464
3902,0.9578319663999594
3903,1.2562555773246282
3904,1.47198862294771
3905,1.816388692531529
3906,1.867579397289598
3907,1.9788932117531848
3908,1.821969728843519
3909,1.8985742952267786
3910,1.8598417222128782
3911,1.5223933834514054
3912,1.2122698409617794
3913,0.7844808869113361
3914,0.3300827715057835
3915,-0.09275657237139745
3916,0.37089240808978285
3917,0.8157209865352373
3918,1.215671063700055
3919,1.5149854385560073
3920,1.8300892002879876
3921,1.927688672172613
3922,2.073671263128284
3923,2.1196003418106155
3924,2.060580170294737
3925,1.963254109172996
3926,1.6123053459576386
3927,1.293295214085959
3928,1.037396375662966
3929,0.683187455660912
3930,0.18207232314994676
3931,-0.209348227157011
3932,-0.6424136139944951
3933,-0.9276979249423732
3934,-1.3701306616475768
3935,-1.750657628127197
3936,-1.947038285785719
3937,-2.12442783790549
3938,-2.2282653106230774
3939,-2.0590618483396876
3940,-1.9594114612700673
3941,-1.8605093849669871
3942,-1.7750714144260944
3943,-1.5112675572685983
3944,-1.2516552860489378
3945,-0.9136988880669192
3946,-0.5395419546888996
3947,-0.001996892719687088
3948,0.32439511922466324
3949,0.8205994350132283
3950,1.225819302256679
3951,1.5701181196553229
3952,1.7391075804459888
3953,1.9767319577550697
3954,1.8460090379047687
3955,1.8011273630417302
3956,1.873871531204317
3957,1.5336262796855615
3958,1.3899471780073243
3959,1.2399844494802326
3960,1.195396859849401
3961,1.2293787949818036
3962,1.543932830426876
3963,1.753942912408178
3964,1.8456316920195546
3965,2.15349020322088
3966,2.311666631001722
3967,1.2794886423452714
3968,0.5572685679810384
3969,0.12645887483960266
3970,-0.22744792498428118
3971,-0.4377925657046271
3972,-0.47773047202665875
3973,-0.6520253245625466
3974,-0.6250725298050167
3975,-0.4421720184651605
3976,-0.10954420004831031
3977,0.09637832927426394
3978,0.40368803718840646
3979,0.753676801231745
3980,1.0394448609314593
3981,1.3694138306618029
3982,1.6483879638509675
3983,1.8455087962357424
3984,2.0849631259132124
3985,2.224583356842249
3986,2.2977202824197924
3987,2.288707724704441
3988,1.8888208821227022
3989,1.4055072810057025
3990,1.1016415898081549
3991,1.1027674823816371
3992,1.1098943550529092
3993,1.1924074905709545
3994,1.3255105064273773
3995,1.6204180609439855
3996,2.0126080733867333
3997,2.273824005141657
3998,2.3899983608526534
3999,2.5733974126813024
4000,2.5215238168207437
4001,2.3339411342220875
4002,2.2873495383562323
4003,2.051328160709532
4004,1.8560760489703472
4005,1.6400553088813772
4006,1.5287482563294523
4007,1.2438373959492481
4008,0.6862461215148011
4009,0.1357316189873167
4010,-0.3368163716838789
4011,-0.5916177140851302
4012,-1.1148352191256425
4013,-1.50442052786383
4014,-1.8336467860073093
4015,-2.0051447324383953
4016,-2.0760374084772555
4017,-2.097229080242088
4018,-2.0682837972035832
4019,-2.0901202095038425
4020,-1.8958250509322419
4021,-1.5330805894582558
4022,-1.0957491891649174
4023,-0.7334656948517767
4024,-0.49449657144792747
4025,-0.05188962582229569
4026,0.34742117303851255
4027,0.6288216870815675
4028,0.935205707403722
4029,1.2201122074636275
4030,1.5789004699762619
4031,1.9334991280148879
4032,2.098166460056464
4033,2.19107353373079
4034,2.129804219310336
4035,1.9511819029380342
4036,1.791725366639368
4037,1.5347274260468686
4038,1.131696556766448
4039,0.7740251180081894
4040,0.3657195203937184
4041,-0.08093507573038258
4042,-0.5439067408166435
4043,-0.9049235292726121
4044,-1.3095688978227333
4045,-1.4494963058138868
4046,-1.683679932203307
4047,-1.8568386514440989
4048,-1.9982616350659559
4049,-2.0683706690821335
4050,-2.1604000573419557
4051,-2.0623085581405984
4052,-1.9530575647494572
4053,-1.7613042216308754
4054,-1.462299298179714
4055,-0.9245360531607353
4056,-0.3837810604465316
4057,-0.006168349253813883
4058,0.3158993568725824
4059,0.7064636568678425
4060,1.1470681547325907
4061,1.5458156713288154
4062,1.802418791158284
4063,1.9955554846550447
4064,2.0955105509971097
4065,1.9624780791342418
4066,1.7849543309123224
4067,1.7831342993508195
4068,1.562061212157604
4069,1.0987554290307813
4070,0.8022636234050912
4071,0.3520908522189662
4072,0.04701365214511938
4073,-0.28952482654190004
4074,-0.6533364506880658
4075,-1.031345872892645
4076,-1.2750968135178862
4077,-1.4673125970729215
4078,-1.792043629699175
4079,-1.9042245244120977
4080,-2.0328319682324216
4081,-2.102836900363318
4082,-1.8782789026841613
4083,-1.6460842561708402
4084,-1.3904299408431637
4085,-1.158933879584664
4086,-0.6838106347746775
4087,-0.10634759003859867
4088,0.18415841500178867
4089,0.47775180627678987
4090,0.8642578831072143
4091,1.2752392212456287
4092,1.5517017626305545
4093,2.12948848254469
4094,2.2755742146715376
4095,2.2915934757438707
4096,2.2479792439676958
4097,1.7892619893483097
4098,1.3340509189013803
4099,1.1634054589796172
4100,0.8729260599232155
4101,0.9449891183080783
4102,0.9521972141011267
4103,1.1684549266097712
4104,1.3003742772896794
4105,1.5001432182243246
4106,1.6597892131403253
4107,1.9672484633055642
4108,2.2446069235317894
4109,2.3257203305407916
4110,2.30000963632101
4111,2.4514637005925635
4112,2.3497851878351015
4113,2.219029228050644
4114,1.955697349300632
4115,1.7628516272326114
4116,1.5012415431111132
4117,1.24778512772389
4118,0.9043963641923317
4119,0.5239815862296127
4120,0.04313592305069
4121,-0.42905445644260837
4122,-0.7960876544194602
4123,-1.1896720294393377
4124,-1.4191013687994667
4125,-1.7604331169788923
4126,-2.0667474135374864
4127,-2.0881101611944417
4128,-2.1189944938072927
4129,-2.1060951081232417
4130,-1.7335455974789962
4131,-1.495465914665651
4132,-1.2998931265444846
4133,-0.9832024454751696
4134,-0.5957546351856982
4135,-0.12270368681348726
4136,0.25104252679257455
4137,0.6563746401947027
4138,1.0655485996148482
4139,1.4391474694898398
4140,1.7042354892524638
4141,2.051635215689269
4142,2.2121286187804756
4143,2.280177546987409
4144,2.257286579517179
4145,2.192847036813832
4146,1.9667459528926292
4147,1.5793024572768661
4148,1.262963949060775
4149,0.9096324017345375
4150,0.585232448190621
4151,0.042142021004585514
4152,-0.46341153053347595
4153,-0.863327880086445
4154,-1.1807758525640601
4155,-1.6061979116268859
4156,-1.9378531875459657
4157,-2.03073127094835
4158,-2.224849850157347
4159,-2.2938843418701724
4160,-2.126651304745562
4161,-1.9198154676801602
4162,-1.746530034374401
4163,-1.4873060154901543
4164,-1.3815599458958618
4165,-1.4173906583486409
4166,-1.5524808426337253
4167,-1.6714579969462713
4168,-1.95552116968012
4169,-2.1089950284227226
4170,-2.2782988264531343
4171,-2.4157392053099964
4172,-2.6054507457542377
4173,-2.546983700009985
4174,-2.598600828686434
4175,-2.5589700868385115
4176,-2.4149097942536777
4177,-2.1370762851438214
4178,-1.832819532183275
4179,-1.6142569023400766
4180,-1.2107554638560385
4181,-0.7707890171060611
4182,-0.2123876629905172
4183,0.19479952786169222
4184,0.6576061539196318
4185,1.265573445137821
4186,1.6659159154137984
4187,1.8297588276520182
4188,1.1452895657178797
4189,0.5836113383650424
4190,0.10566746040606406
4191,-0.13670373954184928
4192,-0.39381649202047675
4193,-0.4887020509052036
4194,-0.43337324492421864
4195,-0.30504695786910485
4196,-0.018468443902779047
4197,0.25862886730983126
4198,-0.17811882184944083
4199,-0.48175436760111734
4200,-0.8292426278550776
4201,-1.3088875621546596
4202,-1.725491909203763
4203,-1.9947556859809066
4204,-2.254817193632303
4205,-2.2482226633836584
4206,-2.2992209998239312
4207,-2.1759599325170216
4208,-1.8582931190072163
4209,-1.5969477242212482
4210,-1.4792619508954565
4211,-1.1773511813208408
4212,-0.800743816812859
4213,-0.357736082182909
4214,0.14175945019333447
4215,0.7346388816120466
4216,1.2300485454678487
4217,1.5353223249735004
4218,1.7956345076537883
4219,2.126743983264849
4220,2.248173682766322
4221,2.2520909328713996
4222,2.307544144218684
4223,2.2189762846507914
4224,1.914214317118534
4225,1.6445325352738271
4226,1.2407718225513862
4227,0.7103650174146814
4228,0.5028895345303384
4229,0.10836006129362989
4230,-0.3270049294533878
4231,-0.7673045322682401
4232,-1.1365244216941548
4233,-1.507264678005382
4234,-1.854379462894757
4235,-2.085196013455788
4236,-2.0903533400187237
4237,-2.072187234652308
4238,-2.0935672232780522
4239,-1.4172227992740825
4240,-1.0983393888074555
4241,-0.9813841318917109
4242,-0.8922204519074919
4243,-0.8139257846796335
4244,-0.8554241769306073
4245,-1.1344142908344579
4246,-1.4694185962639956
4247,-1.7402481418987894
4248,-1.9292706360840757
4249,-2.0782396984036593
4250,-2.163889893982734
4251,-2.2882457279054482
4252,-2.3435410195183928
4253,-2.331858886887321
4254,-2.17186960651699
4255,-1.9644854755395862
4256,-1.8170604008425155
4257,-1.47787940096003
4258,-1.0680779083416407
4259,-0.6182896269842091
4260,-0.20858629330936596
4261,0.2097180889265179
4262,0.6021578753422807
4263,0.9865178763526253
4264,1.4713517893630368
4265,1.7561722723275768
4266,1.9200995791946738
4267,1.2082775658483802
4268,0.691241219594764
4269,0.3385843896320015
4270,-0.036647113594980935
4271,-0.06814084020262474
4272,-0.05769630497569909
4273,0.1059645509845091
4274,0.12529614714073475
4275,0.4256535003154095
4276,0.5964677527026516
4277,0.8722630524078686
4278,1.243466940682998
4279,1.4476296910173092
4280,1.686051325500896
4281,1.8223171724249216
4282,2.0814084966630393
4283,2.1410279927447307
4284,2.198352889693977
4285,2.2055120692590324
4286,2.118150038776157
4287,1.9428623483321006
4288,1.6950725304937075
4289,1.265472466184521
4290,0.8883496981300041
4291,0.5113404816353186
4292,0.10236061823226837
4293,-0.32771459111412693
4294,-0.787489537433
4295,-1.1346346615518432
4296,-1.4276169113624286
4297,-1.7389314919767191
4298,-1.864682367873263
4299,-1.8857008928639423
4300,-1.9574508482847095
4301,-2.0049422696585815
4302,-1.9873888436367886
4303,-1.8102034696349576
4304,-1.5398523652453293
4305,-1.3015979563461155
4306,-0.9356627480172272
4307,-0.4373693974814777
4308,-0.17069363379677882
4309,0.2843093642728213
4310,0.6652161631537608
4311,1.0578771351241467
4312,1.5230120692508202
4313,1.7768156540262254
4314,1.9486064836684471
4315,2.111202728987353
4316,2.15407861889216
4317,2.0951946425807195
4318,1.9727478507669778
4319,1.8424613932126348
4320,1.603568312998266
4321,1.2126758998816407
4322,0.9268691597312433
4323,0.44179592521535
4324,0.003647881115957155
4325,-0.4170213914269988
4326,-0.855260568093959
4327,-1.1153941363836657
4328,-1.4742020508378735
4329,-1.74238221955504
4330,-1.841139605264967
4331,-1.9861732100993212
4332,-2.0991554468966442
4333,-2.0050488343567134
4334,-1.9196139301152937
4335,-1.756619612733831
4336,-1.5904694413316913
4337,-1.3434481321292329
4338,-1.0375240063716005
4339,-0.42088043878765347
4340,-0.10429067771701023
4341,0.2823785510846391
4342,0.7153547389012505
4343,1.15539012015658
4344,1.5328973775198933
4345,1.7124766477364588
4346,1.888229399951427
4347,1.9596473781306696
4348,1.9584843359457391
4349,1.8810701502511578
4350,1.7407327093732416
4351,1.445722463823957
4352,1.2328750039809202
4353,1.0074007878744984
4354,0.5551369763044821
4355,0.29567524146820323
4356,-0.20366726278753272
4357,-0.6275497440821197
4358,-1.0348641888847148
4359,-1.3750456188704783
4360,-1.5749222224812238
4361,-1.8126509735642051
4362,-2.039263853095735
4363,-2.124631189952118
4364,-2.087543930138425
4365,-1.9373588033110123
4366,-1.7876736359358474
4367,-1.5530785467625932
4368,-1.1852706038471552
4369,-0.7756993552781035
4370,-0.29142927805651514
4371,0.07698065485312397
4372,0.5358815956908586
4373,0.9174534849807152
4374,1.2388715225896987
4375,1.5439278719805332
4376,1.7971006483959358
4377,1.8784513842166497
4378,1.89934129180391
4379,1.9890524338375024
4380,1.9028630373160653
4381,1.7823200366005005
4382,1.6154325615296297
4383,1.317809411644857
4384,1.0158896480753217
4385,0.6286008013572176
4386,0.22034256518577383
4387,-0.11285756132408463
4388,-0.5563854359882096
4389,-0.9023287032842793
4390,-1.373829817618279
4391,-1.6516336599058135
4392,-1.7660037491168081
4393,-1.751368606500066
4394,-1.9677789677847206
4395,-2.0034077217822333
4396,-1.9943309831728986
4397,-1.8298000888062713
4398,-1.513380267154433
4399,-1.1163236908562517
4400,-0.6793199291372164
4401,-0.4254218810747066
4402,-0.018570863378031904
4403,0.34392774444780955
4404,0.7322639740991278
4405,1.0725162710094933
4406,1.3039371596167435
4407,1.6941708797706663
4408,0.9171317607679285
4409,0.3154092753279675
4410,0.026078141192413903
4411,-0.37487334927382526
4412,-0.4766142480952431
4413,-0.42185104289705255
4414,-0.24746630920770907
4415,-0.07943375662192388
4416,0.1862221655387501
4417,0.5221753602456406
4418,0.795133144703588
4419,1.0304746581877509
4420,1.4633213423816551
4421,1.7818522089019178
4422,2.014788209414863
4423,2.093912256089603
4424,2.0607250056526603
4425,2.181581769080412
4426,1.3460157269847675
4427,0.8915355314091831
4428,0.5403045400604857
4429,0.3564817858406687
4430,0.4355904126610788
4431,0.4488291793482636
4432,0.6119810692908642
4433,0.7761984967831554
4434,1.0641042711917685
4435,1.3538283200925603
4436,1.6282988257773956
4437,1.9583235299158968
4438,2.042352741664057
4439,2.0755194861032966
4440,2.110844433011065
4441,2.1875405476080263
4442,2.2052573488862106
4443,1.8844548461126125
4444,1.7695079765552562
4445,1.674329404080327
4446,1.3307423561903606
4447,1.0910413687925742
4448,0.7029766167294035
4449,1.0411467204436493
4450,1.3782126454402988
4451,1.5955946582506935
4452,1.907026908150117
4453,2.092442098916638
4454,2.405439012405672
4455,2.491768151157836
4456,2.580960898495294
4457,2.7074386498852285
4458,2.6312146644876164
4459,2.400972598728663
4460,2.045921996247153
4461,1.6260761490591036
4462,1.3224712630109552
4463,0.9270429210079079
4464,0.41990426839822037
4465,0.05851794144465422
4466,-0.3128418506248024
4467,-0.7390764336322517
4468,-1.0053563240330636
4469,-1.4864967500022304
4470,-1.7849041815648359
4471,-1.932279656293299
4472,-2.1331777386946253
4473,-2.09126915089209
4474,-1.952362911588184
4475,-2.026975448605513
4476,-1.681932928362368
4477,-1.3695683650230537
4478,-1.0843490481613065
4479,-0.8193126376042182
4480,-0.3199755800356259
4481,0.007828649902525395
4482,0.476275312747735
4483,0.7870448524508125
4484,1.1631493298986364
4485,1.5587508589375738
4486,1.7650751393865918
4487,2.0618935899838164
4488,2.186852508403016
4489,2.0965430602547235
4490,1.9118291739356545
4491,1.706785493240853
4492,1.4927263066490264
4493,1.3425161944958852
4494,1.1347951885124128
4495,0.6789873471368801
4496,0.20706758559095423
4497,-0.15944719804177782
4498,-0.5252465409535568
4499,-0.827289760631228
4500,-1.0980996655173234
4501,-1.4979357554440902
4502,-1.8677987197261203
4503,-1.9728828089465915
4504,-2.033135675544347
4505,-2.1852595862685202
4506,-2.219039607749078
4507,-2.127400455978161
4508,-1.785709909108036
4509,-1.4494764713770072
4510,-1.0115345871715764
4511,-0.680556777075615
4512,-0.18391227738519939
4513,0.2790679471801587
4514,0.7514153062765605
4515,1.0893185245953374
4516,1.3706846169459879
4517,1.542434324491513
4518,1.7468193471487643
4519,1.9840207592049552
4520,2.145697119792419
4521,2.003383322490288
4522,1.881947215932341
4523,1.8158235464315744
4524,1.6729512668410411
4525,1.2828077843955863
4526,0.9780928231015161
4527,0.616664026577143
4528,0.22715252506569616
4529,-0.3670170601895675
4530,-0.830177091137733
4531,-1.2144827558376232
4532,-1.5483261790132734
4533,-1.80709723212035
4534,-1.8352986163535452
4535,-1.9847186868017128
4536,-1.9880482983362975
4537,-1.9125871421796214
4538,-1.7887564981647666
4539,-1.6698832915002562
4540,-1.3748433817192314
4541,-1.191482496455819
4542,-0.745096372450789
4543,-0.4913654523964514
4544,-0.0030547151527380925
4545,0.3858986366897306
4546,0.727240398903345
4547,1.1750188995540576
4548,1.4599342183934594
4549,1.7178512899879088
4550,1.7654636916616622
4551,1.9951540327442274
4552,2.0114392280760267
4553,1.9405971507146043
4554,1.8739006176662087
4555,1.6624458480471833
4556,1.1415404931930684
4557,0.9288363697809926
4558,0.5035783375252137
4559,0.21017170245767697
4560,-0.2569544309083416
4561,-0.7225478908969352
4562,-1.0677428868242294
4563,-1.236786288265853
4564,-1.4521928421573804
4565,-1.6589953578608125
4566,-1.800178077892436
4567,-1.8860438191451858
4568,-1.7726471427935573
4569,-1.64190962319946
4570,-1.6116113807951302
4571,-1.4509003124923343
4572,-1.0907163872792458
4573,-0.8262814985637602
4574,-0.4136458967553264
4575,0.07419338370483808
4576,0.5164076896009578
4577,0.8006153443738877
4578,1.097730734660646
4579,1.4690672085415697
4580,1.894817733628201
4581,2.0564069659101314
4582,2.2245748422865446
4583,2.2641743981123277
4584,2.1305720806002943
4585,2.0524887470488475
4586,1.683413906678417
4587,1.4692943433950911
4588,1.162164518965874
4589,0.7220232987535771
4590,0.22323094358823456
4591,-0.226926639398287
4592,-0.6868384845755079
4593,-1.0817272203822013
4594,-1.447651326251813
4595,-1.7748850528013276
4596,-2.124952247494385
4597,-2.3453049994898154
4598,-1.519936716166674
4599,-1.0188983482993441
4600,-0.6533731487536204
4601,-0.44974871190833093
4602,-0.22259857309364967
4603,-0.3065710924465292
4604,-0.48091415585181485
4605,-0.6131000063561256
4606,-0.8343093070219323
4607,-1.0613671595158205
4608,-1.3125583054257481
4609,-1.5245301390286654
4610,-1.9006676561043947
4611,-2.0774022002104364
4612,-2.3024651534919993
4613,-2.542989402462586
4614,-2.492290675901242
4615,-2.3795674563882474
4616,-2.2328922623387477
4617,-1.9348664960598112
4618,-1.7238755462069024
4619,-1.3288795041193358
4620,-0.9621650950364317
4621,-0.5555528598362567
4622,-0.2716766934340621
4623,0.25914496185795266
4624,0.710505199408622
4625,1.1417310753977368
4626,1.394991472416393
4627,1.6955029070130103
4628,1.8871093780582013
4629,2.050253629059067
4630,2.1067889550810324
4631,2.1948562122972004
4632,2.1488723633291653
4633,1.9997663375610935
4634,1.66127598287316
4635,1.3355373020733363
4636,0.8967627954587835
4637,0.5414536299682944
4638,0.08007290351959147
4639,-0.4012389242791154
4640,-0.7936323213159876
4641,-1.0743833939189507
4642,-1.331750709924295
4643,-1.6515561898573408
4644,-1.7263727556382016
4645,-1.9337914776295015
4646,-2.0200225300216004
4647,-1.891617156101285
4648,-1.9183165637685373
4649,-1.6853701503697596
4650,-1.4121080786912885
4651,-0.9268037492072394
4652,-0.6377551160221968
4653,-0.3012055704000316
4654,0.27633968892511285
4655,0.6549891177580032
4656,1.1286554316682516
4657,1.4222441774713785
4658,1.652557444723414
4659,1.975801998368484
4660,2.2813711308407707
4661,2.418890358851886
4662,2.319553876827616
4663,2.1877803734953574
4664,1.9111645284899346
4665,1.589332664068782
4666,1.212321213057077
4667,0.8268300810506856
4668,0.45240648012279755
4669,-0.13200440141346495
4670,-0.5175182299239921
4671,-0.8383367402858214
4672,-1.1863030900873417
4673,-1.4591214530030472
4674,-1.6703668358540187
4675,-1.9238131390546935
4676,-2.067250349787292
4677,-1.8552787936882862
4678,-1.9023062233102135
4679,-1.7553184072752035
4680,-1.689576923397966
4681,-1.3742183787493605
4682,-1.3277315636585962
4683,-1.3224221765296251
4684,-1.521509334304931
4685,-1.776872513766145
4686,-1.937239941316161
4687,-2.1167435887104253
4688,-2.308069690898461
4689,-2.426947607647586
4690,-2.4609168020003915
4691,-2.6224718364645567
4692,-2.645526370649251
4693,-2.692434066517266
4694,-2.6862205301077475
4695,-2.435462868315023
4696,-2.2208160568410595
4697,-1.8560493879631095
4698,-1.4312821720719893
4699,-1.1237426011576046
4700,-0.619163183523517
4701,-0.06221330273030465
4702,0.4301947354987561
4703,0.7668441768102868
4704,1.1436770947540262
4705,1.4733247539032859
4706,1.7187218132688056
4707,1.796976105326238
4708,1.847878927674461
4709,1.864979994919182
4710,1.8299936698283956
4711,1.6469053781580598
4712,1.246989523576044
4713,0.8490698387308175
4714,0.5222391780283091
4715,0.3287010819964813
4716,-0.02260068564358696
4717,-0.4051373636377481
4718,-0.8602295387682082
4719,-1.2535137620182377
4720,-1.7197728898437372
4721,-2.0264146092026403
4722,-2.1675268646292682
4723,-2.2551532363624975
4724,-2.3350915362017957
4725,-2.287460733547291
4726,-2.1473751822490077
4727,-1.98298803089118
4728,-1.6620143903389228
4729,-1.3112279305440777
4730,-0.9637414372937423
4731,-0.6446561652634922
4732,-0.23654983291984671
4733,0.1688539063838343
4734,0.5529359520974455
4735,0.8329856358966427
4736,1.3149299227651905
4737,1.7090411454252137
4738,1.8961238494761656
4739,2.0360518987321536
4740,2.1072439070649094
4741,2.0432294695931805
4742,1.9334384218207763
4743,1.766756946984686
4744,1.4909349589521836
4745,1.20641146570851
4746,0.7574230682175691
4747,0.34024497813377963
4748,0.13151644737534376
4749,-0.24248349875915204
4750,-0.6683477318660445
4751,-1.140750029177998
4752,-1.4698755048198502
4753,-1.6607914433320534
4754,-1.805537945555888
4755,-2.0717159540582246
4756,-2.2095313297465533
4757,-2.2413273487533703
4758,-2.021027804143834
4759,-1.8905418017753892
4760,-1.6384552805102348
4761,-1.2628923109314303
4762,-0.750002711953345
4763,-0.27939069700879277
4764,0.12731386457976795
4765,0.6131519624531606
4766,1.1640612336248641
4767,1.4874068978636992
4768,1.6564397299792926
4769,1.8038964687540489
4770,1.887247795367266
4771,1.9152307941807574
4772,1.8967748324561051
4773,1.8443014902812587
4774,1.5738865935366957
4775,1.257606976000541
4776,1.0338092973499973
4777,0.6594023745210361
4778,0.22579744773282667
4779,-0.17402271992427723
4780,-0.456287917658901
4781,-0.7917017873150944
4782,-1.1136153902223385
4783,-1.3160950256974302
4784,-1.5891566667867174
4785,-0.748169581006848
4786,-0.07203528567723938
4787,0.17995915357890285
4788,0.29731684856348384
4789,0.3577872792793947
4790,0.4872029838208549
4791,0.3855541539094119
4792,0.19034970968990056
4793,0.02278444370879297
4794,-0.3177373373750068
4795,-0.623274965686736
4796,-0.911918815873292
4797,-1.3203543164629221
4798,-1.7096775945647318
4799,-1.9538966261662527
4800,-2.1373089466488135
4801,-2.212883255904192
4802,-1.3328469967003231
4803,-0.8853283095223574
4804,-0.5613137351067234
4805,-0.17028924105264948
4806,-0.006568333664190074
4807,-0.05624854047822111
4808,-0.0939293965990382
4809,-0.39204947909074184
4810,-0.6681969813599756
4811,-1.1773447368395586
4812,-1.4318964136677537
4813,-1.727278954471957
4814,-1.9953472046488436
4815,-2.1423245024010775
4816,-2.222454649675369
4817,-2.367771224554321
4818,-2.50318045192496
4819,-2.561157170978497
4820,-2.5644514671691034
4821,-2.183870138267249
4822,-1.839247809770744
4823,-1.4656959139403705
4824,-1.1335263892737413
4825,-0.7609071919168117
4826,-0.23412295950989875
4827,0.07036929446204745
4828,0.47512452943625394
4829,0.9810016532371777
4830,1.2962027571612842
4831,1.6424509365757618
4832,1.8527091200753343
4833,1.7886291853812801
4834,1.8680747014350743
4835,1.8749566182741246
4836,1.7726162380084272
4837,1.5143430611273658
4838,1.2726729220900117
4839,0.8302549880510826
4840,0.8575214406713656
4841,1.0606714827726804
4842,1.3798710583175255
4843,1.6975623882788626
4844,1.8205423792049644
4845,1.9188837923965292
4846,2.139069173244646
4847,2.30154708981053
4848,2.4538721911354062
4849,2.4366211678689496
4850,2.41038280801455
4851,2.3044536010375025
4852,2.0957930152033364
4853,1.7206004419503662
4854,1.4911351764786969
4855,1.1534524803164121
4856,0.8224097237840087
4857,0.47604777356023137
4858,0.01612867178930455
4859,-0.366373855839839
4860,-0.6599735677139501
4861,-0.9015667727932463
4862,-1.2465425551912068
4863,-1.515843458154074
4864,-1.715717348893132
4865,-1.810325767021246
4866,-1.7836771944063408
4867,-1.737879730874274
4868,-1.472352593805704
4869,-1.16350179507918
4870,-0.9357088022381419
4871,-0.6448523436662961
4872,-0.34688122067620497
4873,0.07192421670801906
4874,-0.36129407351755793
4875,-0.7988782783604461
4876,-1.1212512205980636
4877,-1.5424643447862838
4878,-1.7301521318614619
4879,-1.8989563866480437
4880,-1.9145857770915213
4881,-1.9783677161014632
4882,-1.921623445934919
4883,-2.0309797251242294
4884,-1.7750282059575322
4885,-1.4272456734777492
4886,-1.120648644507186
4887,-0.8160248350940441
4888,-0.40435304659394383
4889,0.07871106933104637
4890,0.5657924029772259
4891,0.8042973392045405
4892,1.4049738353126684
4893,1.6498627174713731
4894,1.9512214889268074
4895,2.229820207212301
4896,2.3024782309600247
4897,2.3992086370464123
4898,2.1754871969470337
4899,1.8696950682513456
4900,1.7721840507206381
4901,1.5781999144939904
4902,1.4236736224219886
4903,1.03668219156527
4904,0.665949486329404
4905,0.33693874689512554
4906,-0.027893060717567628
4907,-0.49638470984607097
4908,-0.895581624894161
4909,-1.2771105113634142
4910,-1.5965205694879157
4911,-1.7394096958736738
4912,-1.8932561775495425
4913,-1.8712443404488697
4914,-1.8456947097919472
4915,-1.7212506640282026
4916,-1.5879193313171205
4917,-1.2442007330967377
4918,-1.059355686312688
4919,-0.5704533755221772
4920,0.016973422016324513
4921,0.4072349637269325
4922,0.7908103157467458
4923,0.07380691042939001
4924,-0.4748989398588316
4925,-0.8230805621332413
4926,-1.0855629523257009
4927,-1.3418163160807044
4928,-1.447359154421296
4929,-1.6011066361812176
4930,-1.5473559366113236
4931,-1.06514052968009
4932,-0.8237629370753905
4933,-0.6339744641995193
4934,-0.5665745000899605
4935,-0.6976038163095717
4936,-1.1767063565805218
4937,-1.3157787082061878
4938,-1.6702870495247786
4939,-2.1093848382533036
4940,-2.443404862443717
4941,-2.4751435811065954
4942,-2.5284942960721244
4943,-2.5510578169802494
4944,-2.477864552256374
4945,-2.5355958262935814
4946,-2.367641208320157
4947,-2.1646162878387605
4948,-1.8279183855057148
4949,-1.4394435305682898
4950,-0.9835131125184813
4951,-0.4954822901572618
4952,-0.2060175048957132
4953,0.22935066230023787
4954,0.6622628500116147
4955,0.9558566936272634
4956,1.20500435526707
4957,1.3611055397933576
4958,1.4944186124771888
4959,1.7465937344832896
4960,1.014599167433
4961,0.4838263848579532
4962,0.2523774072739665
4963,0.1783748618145032
4964,0.1790112921161805
4965,0.1932694687110629
4966,0.2790751712602828
4967,0.5495898176054211
4968,1.0901793155561237
4969,1.3520185270128824
4970,1.593734175501531
4971,1.9190147091759127
4972,2.114012287782343
4973,2.1645268712605996
4974,2.251414534927318
4975,2.3453348403661685
4976,2.289647139079726
4977,2.222426028998339
4978,2.089348900203042
4979,1.8032980305952462
4980,1.4740301126362523
4981,1.0727145243041059
4982,0.7105664479509064
4983,0.24842097135453045
4984,-0.14865248385061397
4985,-0.5581910654923727
4986,-1.1093255511239843
4987,-1.400989598417583
4988,-1.676252966689573
4989,-1.7932990338127375
4990,-2.048306301075309
4991,-2.090332566554884
4992,-2.108961593653078
4993,-2.142865678860592
4994,-2.0988514811704366
4995,-1.6766079605998754
4996,-1.320016295081954
4997,-0.9572900321782867
4998,-0.6674321135402309
4999,-0.10319108713499225
5000,0.2658053542603344
5001,0.7096481700396482
5002,1.0996617047744919
5003,1.591626718291215
5004,1.8393382150613462
5005,1.9794995129314574
5006,2.1144872509259227
5007,2.173567265057337
5008,2.3379236029551977
5009,2.1624669066071363
5010,1.8230007750798245
5011,1.502582843908032
5012,1.182094549107706
5013,0.8300882224444095
5014,0.2785392686919864
5015,-0.1733359454005546
5016,-0.42572373910165107
5017,-0.908642357408912
5018,-1.1978575151207067
5019,-1.5455962702546004
5020,-1.7967660433756634
5021,-2.0980491232606497
5022,-2.1988188706715377
5023,-2.175970773428094
5024,-2.097167749874766
5025,-1.9508662354621824
5026,-1.6674346332990087
5027,-1.47814639825049
5028,-1.0906136438768117
5029,-0.8621685262694863
5030,-0.32090088149132345
5031,0.10264239130883523
5032,0.5942797349950564
5033,0.763799602579606
5034,1.198524700705089
5035,1.452590846237521
5036,1.7099674236376863
5037,1.939785649533081
5038,2.0178839676473648
5039,2.0601062168475495
5040,1.941933404125469
5041,1.8757291050011626
5042,1.6065210526380227
5043,1.2795813281584727
5044,0.9064006133383234
5045,0.5079672532706158
5046,-0.01105004053297226
5047,-0.49331141471743656
5048,0.11317447320011112
5049,0.6475114798960314
5050,1.1081836077249885
5051,1.4680611413329374
5052,1.6702786586612213
5053,1.7883581128478885
5054,1.871222727030513
5055,1.9598758786584956
5056,1.8714009088801227
5057,1.6052812815823847
5058,1.2431246986945383
5059,1.0201448171952106
5060,1.182513895424699
5061,1.1552076225718355
5062,1.4123560136637336
5063,1.65519461816242
5064,1.8091121822355742
5065,2.0462446131167042
5066,2.145700723497102
5067,2.2904039930245945
5068,2.399293619465839
5069,2.541414215587121
5070,2.471915403121224
5071,2.298712080539075
5072,2.143667461096783
5073,1.9332072303059062
5074,1.5506344851462044
5075,1.1027640139576607
5076,0.6349358620789325
5077,0.3311529509161689
5078,-0.05890868080957534
5079,-0.5161153994322826
5080,-0.8313337602679096
5081,-1.26426849814294
5082,-1.5805747730455693
5083,-1.9163852998506856
5084,-1.988671919365686
5085,-2.140887585817508
5086,-2.1973685784834927
5087,-2.0693976492827675
5088,-2.0721128762935255
5089,-1.9097860420584785
5090,-1.5063617063420258
5091,-1.200268366303602
5092,-0.5814470135570655
5093,-0.1521465146334387
5094,0.12958950331787641
5095,0.36019048218409444
5096,0.9132004028297248
5097,1.286481714154756
5098,1.5701105949297984
5099,1.814245384323775
5100,1.8268909311648183
5101,1.9120080310749261
5102,1.8408107236718152
5103,1.7569392415541385
5104,1.5610904735840578
5105,1.3420368348558138
5106,1.0214667485319424
5107,0.6365193012382158
5108,0.18392761347305778
5109,-0.33371180499261277
5110,-0.02016686589795552
5111,0.33751445741785924
5112,0.8264022780727712
5113,1.1161683057685003
5114,1.379691347648375
5115,1.5737824652395234
5116,1.7080383270320645
5117,1.8292834353535572
5118,1.7908107664216986
5119,1.761959718615721
5120,1.469656340410496
5121,1.283451825131717
5122,1.082140078286912
5123,0.6998586314327361
5124,0.20440335613852995
5125,-0.16391287640845767
5126,-0.5759536656452998
5127,-0.9427319964729972
5128,-1.2305370382418048
5129,-1.5800932539266803
5130,-1.8726617336750566
5131,-1.8280930601909378
5132,-1.909770766518975
5133,-1.864113085755929
5134,-1.76317064578834
5135,-1.5641009448914407
5136,-1.3571514512914082
5137,-1.0324932311884554
5138,-0.7876770599598129
5139,-0.5694714076493121
5140,-0.23928013276898707
5141,0.17096491315950768
5142,0.5632505301137709
5143,0.9556649843327524
5144,1.2491788003075848
5145,1.3893331626999337
5146,0.6701423893608767
5147,0.02147169736862657
5148,-0.3630560755216706
5149,-0.5815783893461214
5150,-0.747390240488809
5151,-0.8513555984417129
5152,-0.703193053342765
5153,-0.46053290664696744
5154,-0.5304897990557343
5155,-0.6732762012189796
5156,-0.9629153174204733
5157,-1.2990095513854234
5158,-1.4791374431839057
5159,-1.9390366378926984
5160,-2.2123052963915204
5161,-2.2404875241821753
5162,-2.3805392785226362
5163,-2.5705997902151205
5164,-2.5090377516618494
5165,-2.4468585941579493
5166,-2.4141148133940336
5167,-2.1305585352655876
5168,-1.8023682411984516
5169,-1.428900419510587
5170,-0.9777285437716539
5171,-0.6429705697747137
5172,-0.16128096358359836
5173,0.29426735442344215
5174,0.8000135631387509
5175,1.1088749943807006
5176,1.5385984367238357
5177,1.8527101902446954
5178,2.0098731940624113
5179,2.1037687236345257
5180,1.9322126330062337
5181,1.886876565643079
5182,1.817513598560992
5183,1.5789468996500118
5184,1.3857249423603768
5185,1.072831936480797
5186,0.8434441176030919
5187,0.3447396207406911
5188,-0.04521146372595862
5189,-0.5924028639997144
5190,-1.0032657789747914
5191,-1.3151166003187444
5192,-1.564539240773354
5193,-1.8416179346809425
5194,-1.9128160101710967
5195,-1.8973481264340808
5196,-1.9812254296789962
5197,-1.9282958240742472
5198,-1.7984098511312367
5199,-1.6093047437845713
5200,-1.1979128914314343
5201,-0.7521777684969395
5202,-0.4101023166465007
5203,0.030830251148386965
5204,0.5076039225537544
5205,0.8982881617376788
5206,1.218737618933672
5207,1.471065005086904
5208,1.7968323118827745
5209,1.8864126331941709
5210,1.9979078459472028
5211,2.0176889884453924
5212,1.888001969025633
5213,1.7906260987564668
5214,1.6048951019026378
5215,1.2881503238200698
5216,1.100070240548654
5217,0.7979729857495462
5218,0.3967552047491835
5219,0.04815416730659505
5220,-0.29068647400208136
5221,-0.6071049935581273
5222,-1.0684030322511344
5223,-1.34154783042627
5224,-1.6486469425698267
5225,-1.8466152261660793
5226,-2.0330763466126673
5227,-2.0756650513844273
5228,-1.9580367180391498
5229,-1.7085766339172554
5230,-1.541640725273901
5231,-1.3636154367548643
5232,-0.8938970663342244
5233,-0.6058256155170004
5234,-0.3502083586353921
5235,0.027151335509480082
5236,0.27492753496954164
5237,0.7903433105919719
5238,1.016571279025516
5239,1.2941933517213777
5240,1.483168853575897
5241,1.7079380079632909
5242,1.968312054941991
5243,2.0241080447148336
5244,1.8470228124309904
5245,1.8888358133872252
5246,1.6733816281179925
5247,1.4413526687871412
5248,0.948182985517159
5249,0.7190759598595893
5250,0.24993734242029425
5251,-0.3129360783675925
5252,-0.700450419191725
5253,-1.0053668895865666
5254,-1.3090957897093167
5255,-1.5650655116236414
5256,-1.7653818780945185
5257,-1.9246280745174564
5258,-2.131723338272429
5259,-2.1295699282827885
5260,-2.0527260861644185
5261,-1.7557533942709607
5262,-1.4268023516230832
5263,-1.1727887009987408
5264,-0.7593594330747133
5265,-0.3877157090972579
5266,-0.12018741689899151
5267,0.12224856743118229
5268,0.6113479940728063
5269,0.9204720291903848
5270,1.1933055537052895
5271,1.4434933715510019
5272,1.738003446214026
5273,1.9747885002864298
5274,2.1101170288955697
5275,1.9199028078337383
5276,1.750614038745807
5277,1.498390820681656
5278,1.3108006593803903
5279,0.8646638068923773
5280,0.4655480952331732
5281,0.0868248154487466
5282,-0.2360895030530896
5283,-0.6294998070769346
5284,-0.9838330824590265
5285,-1.3502248798885643
5286,-1.5729617190883656
5287,-1.7381098636125207
5288,-1.890009139041268
5289,-1.9200880923739496
5290,-1.7522646655455199
5291,-1.6806272860139269
5292,-1.5921887953604894
5293,-1.3880506622949613
5294,-1.0459022695647058
5295,-0.7862968990672734
5296,-0.5418461907626437
5297,-0.18819476518656506
5298,0.24856945899437163
5299,0.6436367208753574
5300,0.9490833422954256
5301,1.3139239860397292
5302,1.7244683717823843
5303,1.9754657157624773
5304,2.0223344706884645
5305,2.1443565179146065
5306,2.102608764002781
5307,2.1773594683459883
5308,2.018613847247694
5309,1.6937113096491467
5310,1.4224399449416327
5311,1.0564186445773702
5312,0.74167305710599
5313,0.24896177116864687
5314,-0.15272125201076173
5315,-0.7100357040031516
5316,-1.0848759959320713
5317,-1.5164752425326204
5318,-1.7695436818640333
5319,-1.9404724165035059
5320,-2.033450117052886
5321,-2.1308890276891863
5322,-2.08551590512175
5323,-1.8776850294846272
5324,-1.5573545363240322
5325,-1.3129224910138309
5326,-0.9244255459782108
5327,-0.6622352418122223
5328,-0.31278425833379075
5329,0.11241273834832013
5330,0.5074332463685998
5331,0.880146688140684
5332,1.3232720651115666
5333,1.5412717608165443
5334,1.720840583572267
5335,1.8112555785654076
5336,1.9658346639759687
5337,1.982565693445009
5338,2.016400497822121
5339,1.896315737985481
5340,1.6367987830578368
5341,1.304744789245445
5342,0.7947372294131121
5343,0.4405175042843346
5344,-0.02504986079511115
5345,-0.3151686407789781
5346,-0.7335853128819133
5347,-1.2178812448501477
5348,-1.4299606657801134
5349,-1.7260850150525768
5350,-1.9001491427036097
5351,-2.101346044444093
5352,-2.067189825269671
5353,-2.1401463899945528
5354,-2.077513783860311
5355,-2.0470303984856204
5356,-1.6784784986681351
5357,-1.4224714375295915
5358,-1.0292988870259432
5359,-0.5923647743348357
5360,-0.08763142901298583
5361,0.3401042390042706
5362,0.7305716752955814
5363,1.1828071889803646
5364,1.538707440985408
5365,1.7823435895638382
5366,2.0925207957317324
5367,2.2463904130380654
5368,2.176974468428484
5369,2.2666118111670768
5370,2.0861912299776155
5371,1.971562375416158
5372,1.5708839881501317
5373,1.3253353179844094
5374,0.8479155903157158
5375,0.46422576186703146
5376,0.08273645863040485
5377,-0.36217885480465517
5378,-0.7679370185664437
5379,-1.2239030957577337
5380,-1.47249177334399
5381,-1.7213428680131981
5382,-1.9906535376362153
5383,-2.0804798255098937
5384,-2.089630373986027
5385,-2.039308212529841
5386,-2.098161904024305
5387,-1.8961746245168867
5388,-1.5284159819842285
5389,-1.1405956481100936
5390,-0.7191666210201203
5391,-0.29598732664748434
5392,0.19510899850209656
5393,0.5485464632953346
5394,-0.06877928316550903
5395,-0.40662220399713556
5396,-0.8995055729559613
5397,-1.349557191157743
5398,-1.6144784042602296
5399,-1.7583421642484576
5400,-1.7426491300549165
5401,-1.7542252896475194
5402,-1.6730627973474403
5403,-1.475408357924309
5404,-1.2512618256239079
5405,-1.036027911390138
5406,-0.7410348189966933
5407,-0.21075383868428124
5408,0.2675241530372924
5409,0.668993690256674
5410,1.0918426992747605
5411,1.4865451300664552
5412,1.7089060671116747
5413,1.8455449635746295
5414,2.092641201006906
5415,1.9833277015209037
5416,2.0320372821884987
5417,1.9589015959247156
5418,1.8696365010550455
5419,1.660830763003613
5420,1.3786722913248777
5421,0.9259255453822649
5422,0.5887859481197676
5423,0.19274174838335656
5424,-0.30793805268515684
5425,-0.7030813076835111
5426,-1.1754378167990898
5427,-1.6669012544935031
5428,-1.9222915761740473
5429,-1.9127102679319568
5430,-2.1223652918529394
5431,-2.276725680348058
5432,-2.3096346183906435
5433,-2.1683696380912028
5434,-1.885005825724139
5435,-1.594887924826713
5436,-1.3595020542024987
5437,-0.9048175915384882
5438,-0.6327846560817969
5439,-0.27599407334797105
5440,0.14223359314497755
5441,0.6756365629418649
5442,1.0738399155687592
5443,1.4216438957473192
5444,1.587915518139018
5445,1.76360505413337
5446,1.9742643328452847
5447,2.0404435583625267
5448,2.0433592527410935
5449,1.897406134830911
5450,1.7534916153509887
5451,1.3499973248141817
5452,0.9989279598975218
5453,0.6638714544390313
5454,0.12445830424217746
5455,-0.4784843177814635
5456,-0.6974327534474141
5457,-1.0627788291860614
5458,-1.5380069440873156
5459,-1.7998400522021731
5460,-2.1068980635953762
5461,-2.3047468089002967
5462,-2.25237173738415
5463,-2.2711145992491857
5464,-2.203838336158814
5465,-2.109827581181174
5466,-1.8591776103115503
5467,-1.505184595497939
5468,-1.1639258631780007
5469,-0.5657133242239177
5470,-0.2333327754853263
5471,0.11645280518608069
5472,0.5183993118276222
5473,1.0854606398531679
5474,1.4786343819856185
5475,1.703790671863157
5476,1.8490761632791104
5477,1.9496793612289083
5478,1.9342978314934232
5479,1.898832624551176
5480,1.7973186039346656
5481,1.6872694841001565
5482,1.4759352410257065
5483,1.1262985773478775
5484,0.8888382617200596
5485,0.4221806090869699
5486,-0.11282638301877053
5487,-0.49607493348198056
5488,-0.8014430349433359
5489,-1.1784537317623343
5490,-1.605659107289493
5491,-1.8439891853704573
5492,-2.0057039527895815
5493,-2.0855771259447837
5494,-2.1051454738120077
5495,-1.958730653430945
5496,-1.9286819038905236
5497,-1.9479972708916304
5498,-1.7841308565727012
5499,-1.501453508807616
5500,-0.9949997909187176
5501,-0.5748802731742995
5502,0.011014095539016111
5503,0.3470361074411039
5504,0.8927770316267386
5505,1.1812970106581349
5506,1.4840063703259938
5507,1.6062364184787628
5508,1.9218184245684373
5509,2.0166444871286315
5510,2.21333358163164
5511,2.2081324305131558
5512,2.003453216391728
5513,1.6904344325306135
5514,1.4575098076170916
5515,1.0906629850867986
5516,0.6209642022122606
5517,0.21116732747869316
5518,-0.3731270139804182
5519,-0.7332559775337255
5520,-1.0597461964144148
5521,-1.4962944986871407
5522,-1.669959733354292
5523,-1.8152395963831343
5524,-1.9523332230826185
5525,-1.3658604298946182
5526,-0.8115884307163248
5527,-0.509630666067263
5528,-0.3008591621223549
5529,-0.17668161521100753
5530,-0.34686310830240874
5531,-0.6104607624005142
5532,-0.2942939198115414
5533,0.2526960409170978
5534,0.8061460552668464
5535,1.171327699582571
5536,1.5642462363781635
5537,1.824659359127244
5538,2.047999011915942
5539,2.1846190462180664
5540,2.3634200723531293
5541,2.4889394155603317
5542,2.3945123420291026
5543,2.2273651832271724
5544,1.9690199941673099
5545,1.7948776792580077
5546,1.485763312066052
5547,0.9793853539213127
5548,0.6982700294950034
5549,0.04026260597737616
5550,-0.2712120495946152
5551,-0.6166317725344328
5552,-1.014061206142072
5553,-1.359169465058455
5554,-1.650941158131073
5555,-1.9313040579265415
5556,-1.8935053718408854
5557,-1.940809483888851
5558,-1.9782435611026017
5559,-1.6998204826285264
5560,-1.4694784374115228
5561,-1.1687846971060203
5562,-0.694234407182668
5563,-0.30704243827567446
5564,0.0013618068689859597
5565,0.4390337723154881
5566,0.7427645568874417
5567,1.0733370852116964
5568,1.4351842701459923
5569,1.7954930915339427
5570,1.956833565583536
5571,2.0876382608127675
5572,2.1411589679182206
5573,2.2224136051209
5574,2.11556355667199
5575,2.0833898632921004
5576,1.7670213804619812
5577,1.3920185385726451
5578,1.1372790685587613
5579,0.7584759955230155
5580,0.5187491879725957
5581,0.1533571594397618
5582,-0.4221398584336382
5583,-0.8447401765212894
5584,-1.1927278970733617
5585,-1.4880690843129178
5586,-1.74401012843974
5587,-1.8876350119407364
5588,-1.9438369923967842
5589,-1.9824438077045614
5590,-1.7930683304728454
5591,-1.4848881928113546
5592,-1.1975979192622805
5593,-1.0794772509845971
5594,-1.1140465895959066
5595,-1.202087284057555
5596,-1.3453872510559213
5597,-1.6392770184894656
5598,-1.7727832132713035
5599,-2.0303308625206697
5600,-2.102259267935175
5601,-2.5212501874829254
5602,-2.5845086080798767
5603,-2.5161903016542686
5604,-2.4193076269371376
5605,-2.415532029138421
5606,-2.1094535750760097
5607,-1.9252931025536972
5608,-1.6473787492360945
5609,-1.3057324039135274
5610,-1.0176405254111391
5611,-0.5434058269639394
5612,0.006853782151280671
5613,0.56088950364065
5614,0.9395734398399064
5615,1.2965094093890668
5616,1.6661637502804212
5617,1.886986228406564
5618,2.1481608531933234
5619,2.2119650442986685
5620,2.129899029998533
5621,2.0663681238181537
5622,1.7863078739087779
5623,1.5828484525815183
5624,1.3253288461993011
5625,0.9162075227978665
5626,0.5661443776304155
5627,0.1359613049253898
5628,-0.3400998057904501
5629,-0.8598222860205491
5630,-1.3193929587111737
5631,-1.4873596517954453
5632,-1.782039280173439
5633,-1.9536212204517316
5634,-2.1022311964395257
5635,-2.020794655679933
5636,-2.0735683312515767
5637,-1.9635215650893354
5638,-1.8209426356111122
5639,-1.4777500086015323
5640,-1.1406106524392716
5641,-0.7842793913361968
5642,-0.49381668513360844
5643,0.10458639393605684
5644,0.4905694350126447
5645,0.8038007801724623
5646,1.0503941973693782
5647,1.285010250674273
5648,1.5870222115446284
5649,1.8973606844920323
5650,2.052293627485956
5651,1.9750619445168145
5652,1.9543384450906114
5653,1.9572575102777103
5654,1.7245953580947375
5655,1.4789840042078244
5656,1.1228591670508377
5657,0.791651229066952
5658,0.3179157584726167
5659,-0.33966100549557415
5660,-0.8086000141160253
5661,-1.193265649750577
5662,-1.5129796682951686
5663,-1.8174650129458183
5664,-2.0623329694118255
5665,-2.1137843636864875
5666,-2.273794744885839
5667,-2.25566363640642
5668,-2.2778113954870176
5669,-2.029899363964355
5670,-1.7587708215814748
5671,-1.2776783563580532
5672,-1.0290782203638411
5673,-0.5011353680097657
5674,-0.18357638099613746
5675,0.20501476884422373
5676,0.5134422366152246
5677,1.089553123777959
5678,1.4606363254390982
5679,1.7755436265174913
5680,1.9174517889383185
5681,1.0128332184328463
5682,0.4539845909515724
5683,0.03661021308905534
5684,-0.33506669301291053
5685,-0.4356845531515137
5686,-0.3935844367107771
5687,-0.22098779820986314
5688,-0.19201799137348086
5689,-0.00330934231327612
5690,0.27094484869918806
5691,0.7272833092941716
5692,1.163630350033099
5693,1.5079123155927119
5694,1.7561366534940683
5695,2.0831747048557383
5696,2.257567775944389
5697,2.4317770781658408
5698,2.460599160839095
5699,2.236670474866317
5700,1.9123514945843638
5701,1.690479656952573
5702,1.5077205414111514
5703,1.13622938768282
5704,0.8857223984869569
5705,0.5332776272072087
5706,0.20078889127374216
5707,-0.2818438277180871
5708,-0.7842213490303227
5709,-1.2488634393898015
5710,-1.5177976088620508
5711,-1.907181494522413
5712,-2.201161804509393
5713,-2.3243514641406353
5714,-2.29469560324454
5715,-2.2708518975931065
5716,-2.0062282654913437
5717,-1.6667338444105442
5718,-1.5979731622739157
5719,-1.1924147718326554
5720,-0.8361630672690761
5721,-0.328264761520721
5722,0.14008093212727335
5723,0.5694165360922884
5724,0.9497048813086587
5725,1.178749174239364
5726,1.6899460171981289
5727,1.8161642065459889
5728,2.1265826654831197
5729,2.249555779264734
5730,2.186181562064278
5731,2.0370653415278364
5732,1.7418150971246713
5733,1.5243023571651002
5734,1.1050167259879844
5735,0.8784990032342036
5736,0.5211283128481939
5737,0.1114382960795438
5738,-0.29468792711885294
5739,-0.6745981530358423
5740,-1.0849660207169707
5741,-1.4384572885301687
5742,-1.5649537421674542
5743,-1.713825104224342
5744,-1.8311828712962925
5745,-1.963899063241247
5746,-2.1186498946865067
5747,-1.9639633779321117
5748,-1.7721478550118102
5749,-1.5364913368668762
5750,-1.224173756778086
5751,-0.9516693041282532
5752,-0.6108582093519352
5753,-0.08200640163957063
5754,0.16855264354172508
5755,0.6781932552421557
5756,1.1869324199324809
5757,1.5491553026794478
5758,1.842196057351832
5759,1.949765350806617
5760,2.0038147861811697
5761,2.0149092965484874
5762,1.8692826810245953
5763,1.697108669118185
5764,1.531879633400483
5765,1.2451115486564917
5766,0.9563004167756227
5767,0.6881990177597943
5768,0.30215338828944244
5769,-0.07701027692001089
5770,0.23195489685461
5771,0.7539341448688748
5772,1.0017490406092215
5773,1.3056998277266612
5774,1.5008405760423555
5775,1.5654526895139471
5776,1.7337959209954739
5777,1.8424694699929576
5778,1.9308307240750073
5779,1.8131024625551087
5780,1.5235966403285777
5781,1.2070631664068805
5782,0.733990791107289
5783,0.3538904077872111
5784,-0.022483045595868344
5785,-0.3682629264122635
5786,-0.6942226711501983
5787,-1.03329120850805
5788,-1.4554249671242714
5789,-1.833802830455202
5790,-1.9763429090163258
5791,-2.2726455582515492
5792,-2.1403841684318157
5793,-2.1845397211934103
5794,-1.976117804200077
5795,-1.8523547885298757
5796,-1.5519775934386408
5797,-1.34120636294012
5798,-0.9661485472522919
5799,-0.7015475866576771
5800,-0.22895896985068206
5801,0.11360485850267038
5802,0.46545629355606066
5803,0.8467367656748929
5804,1.1982933630476749
5805,1.5510754999618117
5806,1.814477318192793
5807,1.9699286604436028
5808,2.1022532326158827
5809,2.094415083290179
5810,2.0057149186977514
5811,1.710312124349907
5812,1.5282198515042995
5813,1.2627351404281704
5814,0.8874906195751066
5815,0.5326791911417628
5816,0.08533697423459034
5817,0.6234556898165969
5818,1.0039268503836367
5819,1.3391207367713438
5820,1.6680914867857557
5821,1.0795794695165648
5822,0.4176114912919335
5823,-0.021472180250970734
5824,-0.3939682009394089
5825,-0.5959442911783494
5826,-0.7398036640281984
5827,-0.6606465702485537
5828,-0.5278164126212089
5829,-0.252556133148537
5830,0.09817927566039429
5831,0.4941848523483762
5832,0.7630197917687714
5833,1.117362489117879
5834,1.5338281179597673
5835,1.7297940508383043
5836,1.9757008746787437
5837,2.0908398702281503
5838,2.362403865443488
5839,2.496546719350981
5840,2.4780769483504237
5841,2.3770967239219742
5842,2.095758562717154
5843,1.9342859887770283
5844,1.5554895510730118
5845,1.1093394993699122
5846,0.7830545261897983
5847,0.3004575318892091
5848,-0.1934923838575975
5849,-0.5478928388473248
5850,-1.0453792373177704
5851,-1.3424922769159562
5852,-1.6262615689850375
5853,-1.7901393708913758
5854,-1.9101094403735925
5855,-1.782825170173573
5856,-1.7872091180161656
5857,-1.753155666238636
5858,-1.5967426794189203
5859,-1.3291737863528055
5860,-0.8971457332215749
5861,-0.523228906270854
5862,-0.23165536248190371
5863,0.4889372350679989
5864,0.9154478876427875
5865,1.1737571588945226
5866,1.4010783518213479
5867,1.5889769198015398
5868,1.8345101008207485
5869,2.0156304199119144
5870,2.06797259605571
5871,1.9882368299357955
5872,1.8672456385573217
5873,1.814137503744915
5874,1.5957986806343079
5875,1.255801335518258
5876,0.9549112327578376
5877,0.6203774516076758
5878,0.25960835203668864
5879,-0.14776072427842718
5880,-0.565230676067263
5881,-0.8545925496785133
5882,-1.3059467899157025
5883,-1.6267097886885136
5884,-2.013455819978605
5885,-2.1849268172250165
5886,-2.2338353053078146
5887,-2.1524448071142848
5888,-2.2153140551717105
5889,-2.0177491875788474
5890,-1.6087445356620327
5891,-1.5461310424022277
5892,-1.1262523095509918
5893,-0.8136446675826445
5894,-0.3968055354108084
5895,0.09688417366926436
5896,0.4784089120058698
5897,0.9098431241185105
5898,1.2883662747427043
5899,1.5849887374014324
5900,1.714999931119142
5901,1.830227176454101
5902,2.092842148221046
5903,2.043529106839271
5904,1.9251769354426664
5905,1.7300073248568977
5906,1.555090500656279
5907,1.3541940435260655
5908,0.953974750948008
5909,0.5408321206754997
5910,0.12658554503099204
5911,-0.22740357711457237
5912,-0.6555148466075166
5913,-1.0412582877409247
5914,-1.4315782884240593
5915,-1.6848494604517332
5916,-1.84875438317272
5917,-1.9351927708146375
5918,-1.8481363337672079
5919,-1.9088761896072861
5920,-1.8084991051995554
5921,-1.646844094015024
5922,-1.2603721326207116
5923,-0.907500145314619
5924,-0.6940124779416346
5925,-0.3525834457690347
5926,0.036367328481993616
5927,0.34024178293659224
5928,0.7643768465251929
5929,1.1007637873289404
5930,1.5880694015460148
5931,1.8567583520324757
5932,1.99633451188883
5933,2.016418920317578
5934,1.8389658841766274
5935,1.805215187250534
5936,1.8137335433217752
5937,1.5835350070987781
5938,1.300530493800741
5939,1.166086776801537
5940,0.8482213663618464
5941,0.4272885153207641
5942,0.04186317385930434
5943,-0.3768902587617109
5944,-0.7757041086248422
5945,-1.2872177108869147
5946,-1.680392169001996
5947,-1.893853512650302
5948,-2.1191638963785726
5949,-2.188526445344168
5950,-2.263947258276257
5951,-2.060164143080321
5952,-1.9452094613764288
5953,-1.7643093860025685
5954,-1.5436074434130178
5955,-1.0963771591970912
5956,-0.6836533822511051
5957,-0.16088916573529724
5958,0.21993708227990338
5959,0.5495045878910015
5960,0.9425955741058452
5961,1.4028815126208312
5962,1.5539113464058147
5963,1.8058332619277915
5964,1.983309792570727
5965,2.1633122345392013
5966,2.054066301690706
5967,1.8068097682830644
5968,1.5990553231943776
5969,1.4239373736987915
5970,1.1113768706294604
5971,0.7871611776615244
5972,0.30234457076466104
5973,-0.12358083299975556
5974,-0.5236195171678937
5975,-1.032132409086627
5976,-1.3693148355413216
5977,-1.694784423016195
5978,-1.7017381105801839
5979,-1.9076141011479544
5980,-1.9049859526125452
5981,-1.924715694630368
5982,-1.9111339155824865
5983,-1.6869591612018757
5984,-1.604259615766305
5985,-1.3773646722018928
5986,-1.2286977716723022
5987,-1.4390458589241042
5988,-1.5351030624903907
5989,-1.6902575149487413
5990,-1.8558504672685656
5991,-2.0753343102331385
5992,-2.196887033554762
5993,-2.43122644224282
5994,-2.4709885544080024
5995,-2.6319816462457246
5996,-2.603473942598252
5997,-2.4346530502465376
5998,-2.376112753619595
5999,-2.2167858902538837
6000,-1.8495281635469825
6001,-1.5067343927955805
6002,-1.2628781516191285
6003,-0.8158626372332446
6004,-0.3184928235659239
6005,0.20711683034103434
6006,0.6440277752894921
6007,1.0676631818012234
6008,1.5384422249604237
6009,1.8726422721485267
6010,1.9398508884106023
6011,2.0517943842707655
6012,2.097129704202774
6013,2.1692544390895834
6014,2.154774473652154
6015,1.9636299752757822
6016,1.6898786388171891
6017,1.3236398804787617
6018,1.0328641003304966
6019,0.5402805599333204
6020,0.07101350823667743
6021,-0.2637903062197841
6022,-0.5974265418163416
6023,-0.8116725840406122
6024,-1.197675028868954
6025,-1.5351063568422092
6026,-1.7847648426569571
6027,-2.057324153337948
6028,-2.2627283162369656
6029,-2.1743117489410015
6030,-2.0625940971228025
6031,-1.9012993148814419
6032,-1.59724890738546
6033,-1.2230257143891605
6034,-0.845151127316375
6035,-0.43570056615101194
6036,-0.03570451128725689
6037,0.45276547066913864
6038,0.8103947348484037
6039,1.104980916149623
6040,1.4013686676855897
6041,1.6904207000351021
6042,1.9454863399378843
6043,2.1999984813714626
6044,1.54792689636651
6045,1.193769394723473
6046,0.8088030212176847
6047,0.5657166799277324
6048,0.5573261060750984
6049,0.6604479134117993
6050,0.8083302414070133
6051,1.2331057294722405
6052,1.3879642956329874
6053,1.7267799590765476
6054,1.8844304536434842
6055,2.151981772987374
6056,2.327402456882002
6057,2.4720931190428925
6058,2.570161938201342
6059,2.56635894396361
6060,2.4743479129405017
6061,2.179898773625639
6062,2.052384702050162
6063,1.670679451736186
6064,1.3157510917296107
6065,0.9736216622559599
6066,0.47969119194541854
6067,0.05703493413241856
6068,-0.29366598163757246
6069,-0.7387652116957255
6070,-1.1255975308706916
6071,-1.531268376929586
6072,-1.8187731211676534
6073,-2.110574034830489
6074,-2.19915263256315
6075,-2.342887270697166
6076,-2.3228137465912
6077,-2.1651441635232866
6078,-1.9548413078090832
6079,-1.6308103032764598
6080,-1.295126291251492
6081,-1.0476456534118697
6082,-0.6964571985793129
6083,-0.23359594673765052
6084,0.3085061550019383
6085,0.7977382135722824
6086,1.3969580693688726
6087,1.6449241939979244
6088,1.944909998928407
6089,2.1610866656940555
6090,2.367241110456948
6091,2.448212645499479
6092,2.357694359006355
6093,2.2155864980622697
6094,1.9812885855362534
6095,1.6485324697751453
6096,1.3113466511306726
6097,0.9037905047623244
6098,0.46946054994161956
6099,0.15113252792666898
6100,-0.28611004277180885
6101,-0.7144837785384092
6102,-1.118943866326204
6103,-1.4703790410547715
6104,-1.820642040352754
6105,-1.9928961547601638
6106,-1.9892372886083924
6107,-2.049487013809476
6108,-1.8012351577203978
6109,-1.8414049482361978
6110,-1.5684793762446063
6111,-1.0910009661181128
6112,-0.7548164919142037
6113,-0.26303315706915914
6114,0.05363360991055837
6115,0.34334493581818337
6116,0.7233444205782558
6117,1.068209991594404
6118,1.2790433612059657
6119,1.587407733809176
6120,1.781644434408678
6121,2.051992190089207
6122,2.1172653942554787
6123,2.028565670315927
6124,1.925639398969472
6125,1.7599419068741051
6126,1.550924024119432
6127,1.2301266042500407
6128,1.0268744555384866
6129,0.5051404254600995
6130,0.0394815603070266
6131,-0.4431503456457556
6132,-0.8663257256273788
6133,-1.2041557237067795
6134,-1.5062080631255375
6135,-1.7271317499160708
6136,-1.9203752010637607
6137,-2.0313328514157902
6138,-1.3729542085725595
6139,-0.9350919779343932
6140,-0.6578725831563155
6141,-0.7034380351988991
6142,-0.5325548259061919
6143,-0.49581569241456247
6144,-0.20009356859965724
6145,0.18928481780857162
6146,0.6159346102062255
6147,0.7725453517044187
6148,0.1517208679168341
6149,-0.42560478467532276
6150,-0.899474799626239
6151,-1.1451405688405185
6152,-1.4785036179726327
6153,-1.5880720474123424
6154,-1.6629002270474214
6155,-1.6971049614724367
6156,-1.6419871156443158
6157,-1.428929618079426
6158,-1.1740979904588231
6159,-0.9852984713939217
6160,-0.675751547387717
6161,-0.23305418978902503
6162,0.09487675060629037
6163,0.5988721092164873
6164,0.8722838159160132
6165,1.2172413766272054
6166,1.5800681766848035
6167,1.7351528999901273
6168,1.8055100206617305
6169,1.9427429520364747
6170,2.0166695308628375
6171,1.9124005626071159
6172,1.7127150446039017
6173,1.3581773890311848
6174,1.2346760261168104
6175,1.0792415130906337
6176,1.2834882835385317
6177,1.419569504710924
6178,1.5399187105880454
6179,1.7158066126547484
6180,1.9561838857380458
6181,2.124319226459995
6182,2.293442734843718
6183,2.328202927240172
6184,1.6470438054628822
6185,0.9969039335103264
6186,0.40617445959512133
6187,0.1242799099725616
6188,-0.0477343019544059
6189,0.045069585686259704
6190,0.06950860131063843
6191,0.2201230296075564
6192,0.4862002373040764
6193,0.8191736423277922
6194,1.2294864856657717
6195,1.4448373628936555
6196,1.8204142281010658
6197,2.1228820966768844
6198,2.228663145277386
6199,2.276459391719037
6200,2.363660797454488
6201,2.3364949292001107
6202,2.266316328694381
6203,2.0583073738839412
6204,1.8158864530086534
6205,1.4948658542895583
6206,1.1636469283036566
6207,0.6898708093867838
6208,0.283464652843949
6209,-0.034305591586559867
6210,-0.36615065800570057
6211,-0.771989287520525
6212,-1.2275383239728421
6213,-1.392407063381242
6214,-1.6343606801380821
6215,-1.689532018679721
6216,-1.7883194479201923
6217,-2.0193123123098546
6218,-1.7953226081192932
6219,-1.5964615597268754
6220,-1.3933240501421333
6221,-1.2571547154396543
6222,-0.8343261958378617
6223,-0.42732136369738305
6224,0.14531450308919436
6225,0.652553507581308
6226,1.1422650133109156
6227,1.4711891388260734
6228,1.7612383207151896
6229,2.021088901744578
6230,2.1325177153266535
6231,2.237950527130006
6232,2.250319067168788
6233,2.2960321396884624
6234,2.2660648232848013
6235,2.08337574611282
6236,1.711068988094851
6237,1.5153672642980323
6238,1.1711266043648556
6239,0.7427905155457102
6240,0.3207850786705589
6241,-0.2528912478950581
6242,-0.6934427269345839
6243,-0.9773929936061921
6244,-1.4422939978220501
6245,-1.8278638686767616
6246,-1.938193087855793
6247,-1.2018145209073952
6248,-0.7900599570091553
6249,-0.43033218094422554
6250,-0.16794994524078685
6251,-0.05131976753499655
6252,-0.03573159751388154
6253,-0.17970714556633083
6254,-0.34960643666908464
6255,-0.5464914834529336
6256,-0.7937521457935918
6257,-1.1326952103117522
6258,-1.3771004503702866
6259,-1.740946990630337
6260,-2.0287370155228146
6261,-2.1330570099841295
6262,-2.199904200705056
6263,-2.278696026713351
6264,-2.3091108345666584
6265,-2.2426981319877446
6266,-2.0038955525191353
6267,-1.7191123126658225
6268,-1.4655162331326703
6269,-1.038595569177824
6270,-0.6630030527172339
6271,-0.3116510504433704
6272,0.09342010028368396
6273,0.5332306915150928
6274,0.9897787814044993
6275,1.3888558345091668
6276,1.668236749579973
6277,1.9067781727063127
6278,2.036629850809513
6279,2.046162173160783
6280,2.0317191876230942
6281,1.8007781393257034
6282,1.7639748018673065
6283,1.532191225248269
6284,1.2563033082527244
6285,0.8371531752030072
6286,0.45835312112574134
6287,0.07062422877864213
6288,-0.36864140066865136
6289,-0.7865379129092354
6290,-1.2559003535034596
6291,-1.4227244020937106
6292,-1.7543555992429023
6293,-1.9983950035573084
6294,-1.991661617732514
6295,-2.0052440591252223
6296,-1.923064514592868
6297,-1.9219663952953212
6298,-1.7098914261405256
6299,-1.544471291816675
6300,-1.267947749181252
6301,-0.7144854405455685
6302,-0.3944042303665122
6303,0.08163165784035778
6304,0.4240946121487651
6305,0.7669401072587536
6306,1.3610757483976832
6307,1.648836625843088
6308,1.7784272785200312
6309,2.0161154792170115
6310,2.20864041484861
6311,2.2691102888384487
6312,2.163120000676393
6313,1.9844094573482172
6314,1.7060758159537834
6315,1.3237112041993013
6316,1.012130577309165
6317,0.6116096780247794
6318,0.10484505097945021
6319,-0.3017322844464152
6320,-0.7511994300116912
6321,-1.0966812259659158
6322,-1.4172175947406231
6323,-1.7302943705722549
6324,-1.9490307383956829
6325,-2.0887086835393514
6326,-2.0824117585034876
6327,-2.0820977607562154
6328,-2.031481969376006
6329,-1.8775548304339358
6330,-1.4895879134296013
6331,-1.2664773050335996
6332,-0.9271536616779332
6333,-0.5494511912229325
6334,-0.14505933093554424
6335,0.15215486725839963
6336,0.4942648800498657
6337,0.8848814924399573
6338,1.2092761248074895
6339,1.5413467033093688
6340,1.8614522309252113
6341,2.0304403050386792
6342,2.0931835596118
6343,2.097239467357301
6344,1.9934408647394608
6345,1.7928647804674993
6346,1.5948801219129047
6347,1.0224848253462366
6348,0.6521773234244719
6349,0.1835186211681598
6350,-0.24650936765532255
6351,-0.683908908066873
6352,-0.8842884811530258
6353,-1.154267649984017
6354,-1.472588238295287
6355,-1.791775465494587
6356,-1.9100051418034216
6357,-2.023367250798781
6358,-2.0825045067173598
6359,-2.0233322455711757
6360,-1.9105992050918787
6361,-1.6629156623453658
6362,-1.4821269321276627
6363,-1.1009097022807621
6364,-0.7378072453819371
6365,-0.2523141797239493
6366,0.2546829194186626
6367,0.7618552816319659
6368,1.3116588141891121
6369,1.7814863184330547
6370,2.11972387844338
6371,2.349269356948869
6372,2.3524189730322442
6373,2.215725026998843
6374,2.279273459841968
6375,2.10592107773171
6376,2.1652789840881694
6377,1.7685858782035764
6378,1.5106425511611288
6379,1.1441716322047868
6380,0.6192536620305648
6381,0.21295169817661397
6382,-0.2714637244636656
6383,-0.6865253504515002
6384,-1.0731912279444642
6385,-1.467054331126923
6386,-1.7702657069211627
6387,-2.0381973867192014
6388,-2.2959048190655116
6389,-2.3126811033824457
6390,-2.152865672914048
6391,-2.0959595214038633
6392,-1.7452848289559768
6393,-1.3281209585093534
6394,-1.078087905018538
6395,-0.7525958315157358
6396,-0.402356925878746
6397,-0.07924689148569501
6398,0.32808697482562965
6399,0.713570958545667
6400,1.1025247636829487
6401,1.4471980802126405
6402,1.628895572246873
6403,1.8912450925856212
6404,2.001548253950046
6405,1.970916354054032
6406,1.9249114545786075
6407,1.829950588399246
6408,1.7634829677583674
6409,1.5917341407880197
6410,1.1979865408262076
6411,0.7964545190147487
6412,0.3177166436180651
6413,-0.07348299429783343
6414,-0.5281111687542337
6415,-0.9360615910538096
6416,-1.2086738006621334
6417,-1.617920027779306
6418,-1.750420136065131
6419,-1.902724120010204
6420,-1.9087944997210848
6421,-1.8900439146118437
6422,-1.7772438556995769
6423,-1.6618994054744296
6424,-1.5483918716495733
6425,-1.3183216042731611
6426,-1.038818895560136
6427,-0.7991627019255705
6428,-0.279671150252183
6429,0.14342214797073496
6430,0.4986383627800489
6431,1.0694873374806424
6432,1.6146311876584434
6433,1.7688844792666432
6434,1.9609538641869126
6435,2.078771094108971
6436,2.071703250996577
6437,2.1445130915150235
6438,1.8916004479971913
6439,1.870708854570847
6440,1.621821026106096
6441,1.4619724491812425
6442,1.071226110085721
6443,0.6277051404691514
6444,0.07459373193701603
6445,-0.2556852791123307
6446,-0.517105162625202
6447,-0.7880837043778748
6448,-1.2950246738464557
6449,-1.4808787964457717
6450,-1.7503099865001488
6451,-1.9166708949512326
6452,-2.0140658357018095
6453,-2.038507005942628
6454,-1.9416534552939055
6455,-1.8215451063353107
6456,-1.4328878178246736
6457,-1.058299929768413
6458,-1.0771721742065032
6459,-1.228292018718098
6460,-1.446262199502108
6461,-1.6149211054136434
6462,-1.8174223082425447
6463,-1.9449456205334568
6464,-1.9919500894953532
6465,-2.2198799882242097
6466,-2.3879288165321566
6467,-2.378308328323808
6468,-2.285674146923937
6469,-1.9995741245739622
6470,-1.9931525564784924
6471,-1.6441354655074338
6472,-1.352898849296714
6473,-1.0557918375560782
6474,-0.6360441013699286
6475,-0.1977693382958855
6476,0.17799261582161713
6477,0.4647396895457344
6478,0.9899094334790565
6479,1.2845965764408596
6480,1.5245159630522382
6481,1.7274231514442029
6482,1.976020621816712
6483,2.039089003568059
6484,2.0010750946273506
6485,1.9629598353747348
6486,1.8259514433126636
6487,1.546824546904534
6488,1.128928983327675
6489,0.8665471901156051
6490,0.5089941397258672
6491,-0.044824987610674494
6492,-0.3048809617005717
6493,-0.8593211589195244
6494,-1.2748754900657118
6495,-1.6382612504813412
6496,-0.9412478829974162
6497,-0.3760037424491187
6498,0.01223449451926073
6499,0.3897761836535544
6500,0.7009995929998319
6501,0.8123779964240609
6502,0.8255824884073634
6503,0.687960161907934
6504,0.5047698132952861
6505,0.2755866494207075
6506,0.017681470526519076
6507,-0.388139745708752
6508,-0.8061541399348062
6509,-1.3179002928100996
6510,-1.4523702233207154
6511,-1.582213634597976
6512,-1.8378938292044968
6513,-2.0204275239609113
6514,-2.002620832150091
6515,-2.1389264896773796
6516,-2.152290813810936
6517,-1.8754917248684464
6518,-1.698543013100348
6519,-1.5025280257224924
6520,-1.1217222700419867
6521,-0.7917977488820435
6522,-0.26147384511584215
6523,0.15893456706439052
6524,0.5180682461561037
6525,-0.07639703710998821
6526,-0.527545773417393
6527,-0.9624168057727471
6528,-1.325577137382519
6529,-1.5119440261903607
6530,-1.5516628749327384
6531,-1.593192676416046
6532,-1.651686738440197
6533,-1.6354900314326073
6534,-1.3854122890783127
6535,-1.080314958570725
6536,-0.8025686014812148
6537,-0.45726525773637205
6538,-0.12008796290325717
6539,0.20785260752885676
6540,0.5750917837839027
6541,0.7837203311926353
6542,1.2600221214574454
6543,1.4632183647370978
6544,1.7149615421078646
6545,1.72963122352649
6546,1.8896940912796032
6547,1.9765130831068467
6548,1.8995074524248923
6549,1.7284629629389887
6550,1.394296554840497
6551,1.3557149648660172
6552,0.8594146124889454
6553,0.4308795596488479
6554,-0.03818416312275036
6555,-0.5048485114402183
6556,-0.7961533414084719
6557,-1.1770246080070776
6558,-1.553822106230114
6559,-1.7877535191040725
6560,-1.9652891778492052
6561,-2.018895502239749
6562,-2.0365677188666
6563,-2.0157577820318586
6564,-1.9044606563404385
6565,-1.8343897604582378
6566,-1.5225718847674337
6567,-1.2605680879001735
6568,-0.8542091543376017
6569,-0.31416461786608807
6570,-0.6259549205903133
6571,-0.985465413125131
6572,-1.3360260277347984
6573,-1.6033567885946334
6574,-1.8507832876536976
6575,-2.0086907154358333
6576,-2.2077978470425976
6577,-2.2928580463419825
6578,-2.217972093657739
6579,-1.563529349514197
6580,-1.097415627890554
6581,-0.8151145092834373
6582,-0.6720885565039573
6583,-0.6900620899271305
6584,-0.9205502336426974
6585,-1.193914669796218
6586,-1.3946731593146824
6587,-1.6181094621371717
6588,-1.918953030376554
6589,-2.189837731994733
6590,-2.3675276456545666
6591,-2.3161516814336327
6592,-2.485815678730626
6593,-2.5274897252073236
6594,-2.3901366411455496
6595,-2.205301698210489
6596,-1.985391917312235
6597,-1.8599925153635524
6598,-1.5361144390160948
6599,-0.9993221960797954
6600,-0.6597189751236495
6601,-0.29320687015287017
6602,0.2713247352827561
6603,0.674143568012374
6604,0.9256431297067963
6605,1.1986527361676487
6606,1.4655317566129324
6607,1.7316459971570344
6608,1.8778641878822198
6609,1.8890137804969926
6610,1.8758073317323332
6611,1.7303927294823647
6612,1.72496290683195
6613,1.3799196719013562
6614,1.0409970281717127
6615,0.6465349858294607
6616,0.2243241922124292
6617,-0.24826339236659362
6618,-0.5168980190539194
6619,-0.721736219030458
6620,-1.077549500534501
6621,-1.3952662598737795
6622,-1.7951807181830537
6623,-1.8730381146058213
6624,-2.063040620312423
6625,-2.223959455597132
6626,-2.1104671111890534
6627,-1.8826930299007076
6628,-1.5673154594682617
6629,-1.3450828099399432
6630,-1.066185197450695
6631,-0.6757190432373639
6632,-0.2901692914715883
6633,0.17210555155926233
6634,0.5943302551284982
6635,0.8338945707251781
6636,1.1355122809423785
6637,1.575493535900714
6638,1.8644067961249196
6639,2.1104332121973175
6640,2.115271331233468
6641,2.159548770950858
6642,1.8567254344280026
6643,1.7870184821875497
6644,1.5774447895203618
6645,1.203059091187904
6646,0.8759976520530922
6647,0.5578423258694295
6648,0.23724409295171076
6649,-0.3074805494989086
6650,-0.6982734450525458
6651,-1.1773016681704649
6652,-1.4428268839489566
6653,-1.6433789573056399
6654,-1.9438294243300323
6655,-2.1704005351115767
6656,-2.2646407746192683
6657,-2.236406078208216
6658,-2.1705691234729168
6659,-1.8971639392125434
6660,-1.5421673019535318
6661,-1.2220719994963873
6662,-0.9168401693749544
6663,-0.5292594714512645
6664,-0.09694088922848651
6665,0.307688053625045
6666,0.7126548000078983
6667,1.175973156835323
6668,1.43851624271588
6669,1.8712720113436023
6670,2.0613960665566498
6671,2.1416578524575582
6672,2.108145625155829
6673,2.007869174778168
6674,1.8899683025231462
6675,1.7030081631937373
6676,1.4084272802004583
6677,0.9848336836135266
6678,0.6310877791602025
6679,0.1891967485847226
6680,-0.33915267367691
6681,-0.6681348809335044
6682,-1.1618743618456011
6683,-1.5129378634103288
6684,-1.7956242728355554
6685,-1.910507459442301
6686,-2.2036404170517248
6687,-2.214552564388259
6688,-2.142623742654376
6689,-1.942669927594451
6690,-1.7229452435685308
6691,-1.5313970731080397
6692,-1.3814392443224848
6693,-0.9756797094677372
6694,-0.4933926742937297
6695,-0.2514437103850605
6696,0.06984429985653225
6697,0.5171963506278999
6698,0.9867156278478139
6699,1.3807088698823489
6700,1.6940796922264274
6701,2.0409935700165485
6702,2.1433225074382256
6703,2.1423526879516377
6704,2.085282479731721
6705,2.0126445048589945
6706,1.8286320317355091
6707,1.6570603854812693
6708,1.2843088661640054
6709,0.9532180532044983
6710,0.6131245304037638
6711,0.28834132995602485
6712,-0.2492242722359111
6713,-0.7098610561928322
6714,-1.1064351042955265
6715,-1.5517725134509845
6716,-1.7889725872000963
6717,-1.9652870389298869
6718,-2.0769568090585664
6719,-2.1456257822560456
6720,-2.0128206637795625
6721,-1.9482387250143884
6722,-1.670653278858205
6723,-1.4643893924090166
6724,-1.2386292153647476
6725,-0.8660357042659602
6726,-0.4475773166563372
6727,0.007226064795246904
6728,0.2592550989893511
6729,0.656937620415436
6730,1.2014228347083613
6731,0.47247271459830575
6732,-0.01642433276979019
6733,-0.23228651409893275
6734,-0.4337563781766408
6735,-0.7892956652728488
6736,-0.8676505966008986
6737,-0.8387382713267317
6738,-0.7365999408385482
6739,-0.6917445812882228
6740,-0.7008677157430689
6741,-0.8027162540105642
6742,-1.091312610967617
6743,-1.3304230255059166
6744,-1.5486315216786335
6745,-1.801307971537038
6746,-1.9740764012058873
6747,-2.2029670106991754
6748,-2.346396844898462
6749,-2.3619328617398017
6750,-2.256313331812957
6751,-2.329630929249707
6752,-2.162665721443105
6753,-2.0179027414706057
6754,-1.7269813248156234
6755,-1.5111909064085005
6756,-1.0336287943189175
6757,-0.6955806609808614
6758,-0.1871607973744784
6759,0.14544812245631838
6760,0.4574932119309734
6761,0.8535124939401452
6762,1.2395685832156123
6763,1.7261915789059235
6764,1.9508266054918315
6765,2.003486793060747
6766,2.1322912595185235
6767,1.6300749279930702
6768,1.11137176016134
6769,0.9053762568285535
6770,0.8550117413625082
6771,0.8767569129041062
6772,0.8750164061424072
6773,1.0307874046051064
6774,1.2560166003150857
6775,1.5742619785371417
6776,1.7513569852476356
6777,2.054116105192699
6778,2.2338331647783867
6779,2.3593733837183115
6780,2.468394769610487
6781,2.3313985293355275
6782,2.169935243940299
6783,1.9717030594368687
6784,1.8899433353171038
6785,1.5021613874687045
6786,1.2403533530588116
6787,1.165082745965002
6788,1.2768596794810654
6789,1.2325199708428354
6790,1.4094577832601756
6791,1.5428258741750653
6792,1.9773995582153443
6793,2.1757549548577724
6794,2.4479284216253108
6795,2.628241210417611
6796,2.647582323772041
6797,2.781870181733284
6798,2.5128243043489187
6799,2.3332871636475527
6800,2.168297216350517
6801,1.9192588475172707
6802,1.615318021159775
6803,1.3495389492410146
6804,0.9134589742129169
6805,0.6374438972836471
6806,0.16966805566219967
6807,-0.27870017943216835
6808,-0.5441517741502063
6809,-0.8685207564010965
6810,-1.35310531176926
6811,-1.6685645744574222
6812,-1.8449886077930946
6813,-1.826599447195215
6814,-1.7288003588171255
6815,-1.69036707468849
6816,-1.6072988990672692
6817,-1.4058529341529953
6818,-1.1106585682862402
6819,-0.792584277368334
6820,-0.3110670463596697
6821,0.049044204998219404
6822,0.3816281806829023
6823,0.7648020926037673
6824,1.1634460801243354
6825,1.5923409110580449
6826,1.7734955212370045
6827,1.9983300488286821
6828,2.146007638353893
6829,2.2238749240695026
6830,2.1426441256548836
6831,2.054812435037793
6832,1.904632295847453
6833,1.5875265014058908
6834,1.2629266689619065
6835,0.864420877943275
6836,0.39241307685341686
6837,-0.12661107654294596
6838,-0.5768598423670752
6839,-0.9989969703581532
6840,-1.4425318105146405
6841,-1.6892045241331122
6842,-1.8535866016453324
6843,-2.0418262402218503
6844,-2.139613237067612
6845,-2.190238521645503
6846,-2.122756770324223
6847,-1.9256455892004387
6848,-1.6774830265454461
6849,-1.399931893488966
6850,-1.1000899435351235
6851,-0.6496406103702225
6852,-0.2773829608285506
6853,0.05024936627785617
6854,0.4918354633429228
6855,0.7640772007939105
6856,1.1696855110959983
6857,1.5208586381188582
6858,1.72380680314923
6859,1.8681297850057017
6860,2.044948709957518
6861,2.2139448900625
6862,2.113318727866006
6863,1.774971454095551
6864,1.50081728148476
6865,1.2434522763778935
6866,0.8878572426989599
6867,0.5286193214233935
6868,0.12995887602143608
6869,-0.2747334299443791
6870,-0.8371635685375665
6871,-1.2338023976845631
6872,-1.5926346234391793
6873,-1.8933629081817234
6874,-2.029479850421382
6875,-2.23905136886891
6876,-1.6908469015298682
6877,-1.1947882686403495
6878,-0.875090679195161
6879,-0.6330053281181841
6880,-0.592074363492328
6881,-0.6151961358066778
6882,-0.7416413991133726
6883,-0.8066209204725996
6884,-1.0991071151138245
6885,-1.3061874176366486
6886,-1.5803717876321335
6887,-1.75961342790299
6888,-1.8703800047490178
6889,-2.08722199035527
6890,-2.3612761908708237
6891,-2.5045285232639802
6892,-2.5778125053418974
6893,-2.493346233474905
6894,-2.3437543629983364
6895,-2.055786526764573
6896,-1.6589944762849005
6897,-1.4265968802430833
6898,-1.0008608961943262
6899,-0.6108076601638345
6900,-0.14550017130956194
6901,0.27107742872241025
6902,0.7565918750973083
6903,1.0555589462230615
6904,1.341485814406127
6905,1.6082244098397616
6906,1.78364281525122
6907,1.8936111569590373
6908,1.810920622586703
6909,1.8897394506372305
6910,1.7120951588327573
6911,1.42684170084364
6912,1.080093096434529
6913,0.7585269793041871
6914,0.404438399819741
6915,0.17029786221854468
6916,-0.1651343224764472
6917,-0.6164427264487246
6918,-0.875533218796885
6919,-1.1323017612297737
6920,-1.5364192282164706
6921,-1.6085974387513298
6922,-1.8401231783512737
6923,-1.9291962647488188
6924,-1.8433812887666343
6925,-1.9162902743314676
6926,-1.7631712831772315
6927,-1.499953932448182
6928,-1.1182435662419299
6929,-0.7801638289912177
6930,-0.533094431813812
6931,0.03805446009730773
6932,0.43933917107469905
6933,0.8543861439823718
6934,1.1009033887085389
6935,1.5421993079259197
6936,1.7622021795364515
6937,1.9021836688310845
6938,2.1183074143293994
6939,2.047077232651367
6940,2.039867810222974
6941,1.8602610200276246
6942,1.7062464143555702
6943,1.4967065602437302
6944,1.122451567182761
6945,0.852994767289036
6946,0.4343546701010767
6947,0.1540379254187736
6948,-0.20786366293770223
6949,-0.6387295634321996
6950,-1.2090061865683817
6951,-1.5208987803661547
6952,-1.877726495792092
6953,-1.9623347033227625
6954,-2.117160903602685
6955,-2.116156613721195
6956,-1.9014188996139076
6957,-1.6768619136889114
6958,-1.561584174576693
6959,-1.2915048494371841
6960,-0.9390574347158702
6961,-0.9162700627443857
6962,-0.9949081459765527
6963,-1.186052136699419
6964,-1.4125954303639685
6965,-1.6817007495332181
6966,-1.906282442722008
6967,-2.1390931732591354
6968,-2.233038185538026
6969,-2.296497484802095
6970,-2.2515280596658442
6971,-2.1439441710167246
6972,-1.8941648714014234
6973,-1.7920749975445984
6974,-1.7249708184177643
6975,-1.4556893491074108
6976,-1.0537369177505
6977,-0.6629957299362649
6978,-0.25350880575173346
6979,0.12608881606482114
6980,0.5912881776431289
6981,0.8558468861548819
6982,1.2696637834963511
6983,1.6167562211442514
6984,1.9215918252683057
6985,2.3044829024228797
6986,2.144745132857629
6987,2.1492853276402726
6988,2.0819014847006456
6989,1.8177094318571119
6990,1.5334049158215826
6991,1.169402394859486
6992,0.8489284035047594
6993,0.5322184045175609
6994,0.005853549747975292
6995,-0.38104224384870555
6996,-0.6808182314201988
6997,-1.1208879500347704
6998,-1.643220550800948
6999,-1.9532555677020678
7000,-2.193617330729111
7001,-2.3361857974990055
7002,-2.180301718793282
7003,-1.9459138281359758
7004,-1.7062864163931435
7005,-1.5481431749285184
7006,-1.1680772156727623
7007,-1.036367035828313
7008,-0.744587852516848
7009,-0.26603465588159014
7010,0.10552318930772067
7011,0.4329639712431643
7012,0.8722620965991885
7013,1.2695739974734541
7014,1.6173767434236928
7015,1.9046125435560446
7016,2.0883525155162856
7017,2.1554442782938827
7018,2.1563543264760896
7019,2.1346763245699036
7020,1.9809911766621564
7021,1.6938858314250222
7022,1.3291231380045825
7023,0.9826817683436992
7024,0.6990818495641993
7025,0.969873365120139
7026,1.3305697728435475
7027,1.5541941516507924
7028,1.8204448337586598
7029,2.0747404026087137
7030,2.328429745140343
7031,2.4268953947620444
7032,2.542648373032755
7033,2.6331026230087886
7034,2.5295458253744063
7035,1.8740500912997609
7036,1.5820758286784764
7037,1.385906322686219
7038,1.154005733593758
7039,1.1573369976492665
7040,1.4044996357119
7041,0.8904117358402396
7042,0.34979809549763585
7043,-0.23758938556810522
7044,-0.7669781351127917
7045,-1.0877599113686478
7046,-1.4841624302288274
7047,-1.6939675243786243
7048,-1.8585637543029265
7049,-1.9056552578385026
7050,-1.9032984687975463
7051,-1.7614586216771102
7052,-1.50513095683772
7053,-1.2771701413951253
7054,-0.9027062128663708
7055,-0.44508317259083063
7056,-0.057549802396482136
7057,0.38028734806432624
7058,0.6604171502436138
7059,1.0230922927539978
7060,1.2494626903017676
7061,1.5238039228043756
7062,1.7715285054130734
7063,2.1161651611197785
7064,2.1398071975683663
7065,2.1480281969783728
7066,2.0039001366603495
7067,1.844805227589747
7068,1.66718121405132
7069,1.4294462965104242
7070,1.0507652872875106
7071,0.6152045440016068
7072,0.002371242461423506
7073,-0.25622816878032767
7074,-0.6896714228040128
7075,-1.2219723069141688
7076,-1.4345646558229181
7077,-1.8579778562235074
7078,-1.9527227229760327
7079,-2.2090374479611152
7080,-2.3563483496412836
7081,-2.391768234074372
7082,-2.290381243855935
7083,-1.9712938047319475
7084,-1.785538103957654
7085,-1.4064506131655243
7086,-1.0058729569315423
7087,-0.5893376002756514
7088,-0.0775414177374815
7089,0.3527457260020815
7090,0.7749765754192902
7091,1.2068658684146354
7092,1.491986929798033
7093,1.7624226861091288
7094,1.9921853323421304
7095,2.190893899397907
7096,2.2121577473338974
7097,2.1627450614668757
7098,2.071687292630869
7099,1.8529488209874874
7100,1.5210020576053203
7101,1.2545036277550368
7102,0.8863817307517455
7103,0.44310394963543587
7104,-0.06520680452659507
7105,-0.6165631651256895
7106,-0.9471732962783721
7107,-1.3534948415166028
7108,-1.767920757802798
7109,-2.054166242712758
7110,-2.172922116532138
7111,-2.3075687828229996
7112,-2.2697265290371895
7113,-2.2283575696186215
7114,-2.0605202043775903
7115,-1.8141217813648625
7116,-1.456374296549272
7117,-1.0510270144819625
7118,-0.6684432575037725
7119,-0.33404476946165435
7120,-0.5672019060620981
7121,-0.9474632992119563
7122,-1.462791121892838
7123,-1.7155437676445795
7124,-1.9283326769640914
7125,-2.145023909831051
7126,-2.3780312885063775
7127,-2.535483162765336
7128,-2.4916030937724374
7129,-2.4290608877951403
7130,-2.1278198240974353
7131,-1.87401684834114
7132,-1.567909470576082
7133,-1.0267723711398034
7134,-0.7977724856271039
7135,-0.34923513291731534
7136,-0.038164420242157826
7137,0.5214839068546254
7138,0.8082437943787338
7139,1.2175201186472935
7140,1.5488924999317202
7141,1.6473674424639195
7142,1.8593856626940324
7143,1.905926502669291
7144,1.9597696254822523
7145,1.8251130777187012
7146,1.6949082135195215
7147,1.4453568552074003
7148,1.173255307191328
7149,0.8597289551618819
7150,0.9865660696115476
7151,1.1593663254764275
7152,1.442906521587279
7153,1.6472998632379745
7154,1.8760468324179789
7155,2.2166441691669148
7156,2.374892184591594
7157,2.5374180491012126
7158,2.5159655898963615
7159,2.516275675016642
7160,2.3944482448492055
7161,2.1871716679108357
7162,1.797063508355328
7163,1.4325947449255079
7164,0.8438954723785214
7165,0.353352048306919
7166,0.160895840794284
7167,-0.24206723088809853
7168,-0.633664375907359
7169,-0.9363508212827697
7170,-1.268120055121912
7171,-1.604596760330655
7172,-1.8736374765837605
7173,-2.123732229220626
7174,-2.16149812020769
7175,-2.1216532285256187
7176,-2.043877666085332
7177,-1.899430714275441
7178,-1.6268520630372536
7179,-1.4222585105932708
7180,-1.0374553705151208
7181,-0.5182676980097007
7182,-0.17147389451768766
7183,0.22523601994120004
7184,0.7357545037294764
7185,1.108912220937276
7186,1.5068681787081841
7187,1.8093698413455386
7188,2.051376032763272
7189,2.123023912716397
7190,2.1234909945011156
7191,2.1614119001461747
7192,1.9472793000461348
7193,1.7638729485349058
7194,1.4374458159283534
7195,1.1884086912124778
7196,0.8198202205442223
7197,0.42540017772492483
7198,0.14844989861401528
7199,-0.21056297249573178
7200,-0.5239788595011786
7201,-0.738393892375506
7202,-1.0243018370207198
7203,-1.397518259937766
7204,-1.7192385090680689
7205,-1.9135249753836923
7206,-1.939052372281208
7207,-1.953120566732373
7208,-1.9021163500975031
7209,-1.5889343880503999
7210,-1.374878445667643
7211,-1.0285630915727946
7212,-0.6412682360905979
7213,-0.4021581507718074
7214,0.1368196511928496
7215,0.4496449033235638
7216,0.7357554068533825
7217,1.081383293266667
7218,1.3528592283430603
7219,0.7654223501401315
7220,0.2196127325651018
7221,-0.2594049237912804
7222,-0.6716011254629259
7223,-0.7936550452529223
7224,-0.8597909459466133
7225,-0.9851586047894836
7226,-0.7615667841768888
7227,-0.49293817762903447
7228,-0.2573130886180068
7229,0.143416524397749
7230,0.4050770438887423
7231,0.7570506631799558
7232,1.1055922375716563
7233,1.4323938271693852
7234,1.6127607691437442
7235,1.9457302780090722
7236,2.0297133351901206
7237,1.9760689546211372
7238,2.016662480515717
7239,2.097658472269949
7240,1.7749823732202186
7241,1.467085713323249
7242,1.25556896728235
7243,0.9080232655350778
7244,0.42107221901222674
7245,0.010355893691762142
7246,0.5377935650968134
7247,1.0149063055149181
7248,1.5627868326669356
7249,1.8844371483896913
7250,2.055989546536005
7251,2.286096287011273
7252,2.3120305838173576
7253,2.320125552248198
7254,2.205371416678256
7255,2.1327428315314814
7256,1.9683850241671699
7257,1.631805042833182
7258,1.3846863925295714
7259,1.106236526752083
7260,0.6254710609495984
7261,0.21119672369430026
7262,-0.11439268818763984
7263,-0.5350430141062554
7264,-0.9711824482365866
7265,-1.3315467106984067
7266,-1.6604610355958795
7267,-1.777225683502713
7268,-1.8388616616350653
7269,-1.7321580360026234
7270,-1.794750877484845
7271,-1.7450565502287783
7272,-1.6746728543964238
7273,-1.3585749316343192
7274,-1.1226238410667986
7275,-0.5711367744423923
7276,-0.25175180156711063
7277,0.33433431897665195
7278,0.4930778331006308
7279,0.7444892994459613
7280,1.0380406984084876
7281,1.4037989304828487
7282,1.6676533740601678
7283,1.7954208163515888
7284,1.906313021666398
7285,1.8944707733059027
7286,1.8911049473914043
7287,1.6694656544027713
7288,1.4793800013420648
7289,1.2213474294813893
7290,0.8851176321287522
7291,0.5435629959959732
7292,0.12752154263597112
7293,-0.2283004716894798
7294,-0.6447420585450552
7295,-0.9339001950471338
7296,-1.2821016071887237
7297,-1.4953626232743875
7298,-1.7902184973914443
7299,-2.030330164060749
7300,-2.043654041500177
7301,-2.0393606305060836
7302,-2.117096194599597
7303,-1.9780782769794727
7304,-1.6785040752215743
7305,-1.3576327422166172
7306,-1.0407558059134494
7307,-0.6233757199587621
7308,-0.17714935440625654
7309,0.1264638692047111
7310,0.6534553559436137
7311,1.151747593371233
7312,1.419151370945848
7313,1.8490870749819805
7314,2.0248852181292225
7315,1.2536040253089484
7316,1.3640636800260393
7317,1.5792021079633223
7318,1.0720095935510834
7319,0.8307922975447969
7320,0.7348129460199083
7321,0.7878635128548905
7322,0.8762738087496453
7323,1.1719350143553766
7324,1.516612115479503
7325,1.8286362021000766
7326,2.0511555969613253
7327,2.3100402755932947
7328,2.43674666247636
7329,2.6470694422748307
7330,2.6534481226885704
7331,2.582039919424335
7332,2.4514827834120916
7333,2.377489397094522
7334,2.3050458330593835
7335,2.1537783003826876
7336,1.6267557648679674
7337,1.3241537712353377
7338,0.8191367510864555
7339,0.5765730730354933
7340,0.0048341057764063194
7341,-0.5670099888072742
7342,-0.8808251364588542
7343,-1.2773769673682667
7344,-1.6183915325597853
7345,-0.9597195127031559
7346,-0.4271337351711802
7347,0.10111417666325888
7348,0.3200299195835431
7349,0.48381641431819045
7350,0.4601567852192878
7351,0.43088857573108297
7352,0.26248264203099997
7353,0.0952532429971459
7354,-0.12664919348933534
7355,-0.31605867683020683
7356,-0.48485762574137836
7357,-0.9188754008779821
7358,-1.2103312808142035
7359,-1.5664443476261614
7360,-1.7801455749015627
7361,-1.9393884081593082
7362,-2.03272672062495
7363,-2.0254515812487925
7364,-1.9946427119393373
7365,-1.9239521885802422
7366,-1.7300778930981213
7367,-1.2962991355385376
7368,-1.0513123114549159
7369,-0.7267288524092574
7370,-0.397542500650236
7371,-0.12566160678705893
7372,0.30641691477587857
7373,0.7755547754757482
7374,1.079886691989263
7375,1.529078564154728
7376,1.8212202586896022
7377,2.0884768452037643
7378,2.2073262953602573
7379,2.2035552796219275
7380,2.1049100750368503
7381,1.9822970493978527
7382,1.7886254335686524
7383,1.4545612000377832
7384,1.0970537408867744
7385,0.8707510192399023
7386,0.44646830640730417
7387,0.020979502948203707
7388,-0.2857982645217054
7389,-0.6868906392088756
7390,-1.0810617638158848
7391,-1.335519518456274
7392,-1.5547311704802904
7393,-1.7452242141765377
7394,-1.8454525025014117
7395,-1.9092805303571596
7396,-1.9456106550055203
7397,-1.7486850679154635
7398,-1.6476358750052218
7399,-1.429960773315374
7400,-1.078958329193713
7401,-0.6969016602446823
7402,-0.2093602148311664
7403,0.29544505764972573
7404,0.8695882881499488
7405,1.0954136944000914
7406,1.4680969567196942
7407,1.7775575368057244
7408,2.0064385500043582
7409,2.1826566814643025
7410,2.2902631924126804
7411,2.356270093385612
7412,2.2384901427842716
7413,2.159350481917551
7414,1.8783486296927747
7415,1.478409019251237
7416,1.0962046152133182
7417,0.5974326942726603
7418,0.09880978258951154
7419,-0.33746521159044957
7420,-0.7676331513293195
7421,-1.0306613783620613
7422,-1.3865414076387386
7423,-1.7445971703707903
7424,-1.939781412343544
7425,-2.0359754249537443
7426,-2.0673236102381956
7427,-2.1077252644084274
7428,-1.8521906117415619
7429,-1.6224306616915622
7430,-1.3811189639595791
7431,-1.3679530020199384
7432,-1.2827523753761443
7433,-1.3452753733438665
7434,-1.4851105879366937
7435,-1.7066015501542668
7436,-1.808130206065029
7437,-2.0483876139278876
7438,-2.089782693958119
7439,-2.3236965742282405
7440,-2.4193884853528282
7441,-2.389674148266484
7442,-2.315002782994987
7443,-2.2155964412828473
7444,-2.1638592461340975
7445,-1.8799130060421276
7446,-1.5815034627906965
7447,-1.2483506399791444
7448,-0.7597886722333624
7449,-0.469446650467067
7450,-0.0107733901380343
7451,0.23623680598375366
7452,0.725178922035076
7453,1.1836583201288244
7454,1.5184028551467277
7455,1.7327797915752745
7456,2.019947449556816
7457,2.2128541464062694
7458,2.2165595075825877
7459,2.236699136230898
7460,1.9642385392984458
7461,1.6912656063285039
7462,1.1933370617272698
7463,0.7592807659553229
7464,0.2939005063053929
7465,-0.04448901270082652
7466,-0.524463218920625
7467,-1.0450533173121053
7468,-1.4259635974306804
7469,-1.7532023677469561
7470,-2.083559851153916
7471,-2.2274186298444625
7472,-2.2899000920446446
7473,-2.422685840110342
7474,-2.2839405138496804
7475,-2.204078691048355
7476,-2.0143736893273987
7477,-1.6723133700280715
7478,-1.3630353253366754
7479,-1.0485813739170058
7480,-0.6036447778061811
7481,-0.06575911810627591
7482,0.442039458584714
7483,0.7931162242305596
7484,1.0928856244508727
7485,1.3688243593726912
7486,1.7278552335259172
7487,1.861832457845478
7488,2.113548279271821
7489,2.171432074372558
7490,2.097940803690295
7491,1.899662817062252
7492,1.6899720474142808
7493,1.3203145034603745
7494,0.8774750725636474
7495,0.5624314072308996
7496,0.16632329142406505
7497,-0.17761862595698807
7498,-0.5662799233324486
7499,-1.0088228372185994
7500,-1.2778649200961258
7501,-1.6270123066839446
7502,-1.76151482231762
7503,-1.9837344767113463
7504,-2.1773310936878447
7505,-2.0486432284261737
7506,-2.0205137775657476
7507,-1.898772003619968
7508,-1.7569596782773882
7509,-1.44578493386263
7510,-1.1661312287491203
7511,-0.6320231057523323
7512,-0.2396167457333604
7513,0.12095025788836185
7514,0.5542325754654442
7515,1.1387753864930008
7516,1.4725300088973354
7517,1.72482997898265
7518,1.9359138104233922
7519,2.136722215274871
7520,2.239110684250305
7521,2.213433079142776
7522,2.1668617709222118
7523,1.9565334361641038
7524,1.659460146487604
7525,1.3248794822796996
7526,0.8973185343588578
7527,0.5561609542906223
7528,0.07383227834059468
7529,-0.5044181013335793
7530,-1.0070343081625903
7531,-1.3200526794900076
7532,-1.6827030645706627
7533,-1.8613229703287022
7534,-2.04574714530008
7535,-2.084168377616346
7536,-2.2644442926715715
7537,-2.241123748495291
7538,-2.1582967041073045
7539,-1.712310871738814
7540,-1.4744926562288665
7541,-1.4875185369115325
7542,-1.450303911637131
7543,-1.6108643495153854
7544,-1.665499882802759
7545,-1.7566676107272468
7546,-2.0397476854773475
7547,-2.089333696972296
7548,-2.333437952987157
7549,-2.4486872936929593
7550,-2.4511720555019036
7551,-2.4505266902887017
7552,-2.4440348691965785
7553,-2.4247541790759755
7554,-2.075679407336669
7555,-1.78877294320396
7556,-1.3171143613288194
7557,-1.113530521445035
7558,-0.6693993814920992
7559,-0.10658511415917596
7560,0.23389904116426713
7561,0.5830695008059963
7562,0.9585333461630022
7563,1.2421999293455053
7564,1.4237205822946608
7565,1.6318290976530752
7566,1.8590464318759377
7567,1.8581680935896008
7568,1.7918511300179931
7569,1.6917186812438318
7570,1.4813660726427897
7571,1.2393798425243665
7572,0.9652543220433039
7573,0.5557286051764808
7574,0.6886387975379472
7575,0.9216169707326132
7576,1.122529209503862
7577,1.3060301460516437
7578,1.535262123712768
7579,1.7724410142469849
7580,1.86649124207735
7581,2.0907035277706583
7582,2.1664939185615353
7583,2.133851664402054
7584,1.9699533428323655
7585,1.8934724922406172
7586,1.6053750642299993
7587,1.3205143701880233
7588,1.3742943376988772
7589,1.3586984843850498
7590,1.4353824393221812
7591,1.6449088283873414
7592,1.8553292809184536
7593,1.9476203561487566
7594,2.096893765407142
7595,2.3588693662930944
7596,2.5259225106072347
7597,2.747611955972676
7598,2.7587372128961953
7599,2.7167049255965523
7600,2.4991102457064365
7601,2.3752361553543784
7602,1.9106625529994323
7603,1.5964506035176818
7604,1.2645415884378597
7605,0.8655730750747316
7606,0.417121145227366
7607,-0.04461602139650478
7608,-0.4815768116634172
7609,-0.9736437376420154
7610,-1.3086509615536481
7611,-1.6723427397564086
7612,-1.948767343396467
7613,-2.190525530801547
7614,-2.0169897421708582
7615,-2.015207364182113
7616,-2.050029724919083
7617,-1.8747690891367281
7618,-1.542188213075182
7619,-1.2317796760610136
7620,-0.8966559672380513
7621,-0.5788193378555064
7622,-0.14386660215719962
7623,0.3310556523895482
7624,0.7872722775381342
7625,1.1624352626069017
7626,1.4953271457558712
7627,1.8670697651188846
7628,2.147763916862635
7629,2.228435438951783
7630,2.3970378894162487
7631,2.217198599750154
7632,2.0972717395878004
7633,1.9083182097507938
7634,1.5565157684211828
7635,1.1075109734364876
7636,0.6821661478614053
7637,0.37319128031230675
7638,0.03588639848363387
7639,-0.3378292498227972
7640,-0.8117266021962992
7641,-1.10791828105064
7642,-1.4978278830223826
7643,-1.7452902847760072
7644,-1.9467590590868293
7645,-2.0986361918330263
7646,-2.0823513053411395
7647,-1.9730972372039186
7648,-1.9167075781577887
7649,-1.7078533154843218
7650,-1.3734008121545105
7651,-1.2493380374889091
7652,-0.8201522697662439
7653,-0.3388965996791705
7654,0.11621519844502298
7655,0.5655109670626228
7656,0.9428406172009763
7657,1.3493493761629272
7658,1.5462778686416885
7659,1.7251513688257925
7660,1.9443428253188093
7661,2.0956901454474552
7662,2.1905198991444124
7663,2.2113060161889764
7664,2.150253711184613
7665,1.8160992058972718
7666,1.4042398538733847
7667,1.112342166674846
7668,0.6657123794481403
7669,0.2343478640623064
7670,-0.13447189475008706
7671,-0.5491888511087192
7672,-0.8997241459389396
7673,-1.3306887827053901
7674,-1.6063072393219358
7675,-1.819320799032188
7676,-1.8907799858064955
7677,-1.8730875955069644
7678,-1.9307360174398227
7679,-1.9336652062565545
7680,-1.70769555467478
7681,-1.6003493819993255
7682,-1.2199226907935057
7683,-0.7934857773481778
7684,-0.4548150694513697
7685,-0.23226733996988252
7686,0.2883725349146198
7687,0.8162492526829942
7688,1.002383055969364
7689,1.4579749929966437
7690,1.8392552420724988
7691,1.9212200898998626
7692,1.2188615092498414
7693,0.7024736306729634
7694,0.32880285063011155
7695,0.14395155688645397
7696,-0.051962483899402334
7697,-0.1656521717930527
7698,-0.1847391448671124
7699,0.1244175186803503
7700,0.29079142249078055
7701,0.6179694094559368
7702,0.9013094506581445
7703,0.2500784372056371
7704,-0.3009304778018461
7705,-0.798526472635904
7706,-1.294476735997204
7707,-1.5699318889324054
7708,-1.7983719047758056
7709,-1.928208398953139
7710,-1.7499491996839427
7711,-1.7619666569613477
7712,-1.581349392055271
7713,-1.2930218766791954
7714,-0.8234064579927471
7715,-0.5620657668738669
7716,-0.06309286475219017
7717,0.3113932946599229
7718,0.6883062852870389
7719,1.1088595650525221
7720,1.5556666919079052
7721,1.775532811987235
7722,2.0038864883773644
7723,2.147185496983041
7724,2.2081670757093295
7725,2.244169234138654
7726,2.0706163062882355
7727,1.856487184323709
7728,1.4805029571750008
7729,1.364769013294788
7730,1.3243893528090505
7731,1.4941491865349077
7732,1.5121157169078459
7733,1.8387023553655781
7734,2.06847303059486
7735,2.055288377169772
7736,2.294972472030295
7737,2.3921698370381597
7738,2.47401035674619
7739,2.4857753872267128
7740,2.568649503887626
7741,2.32788173112204
7742,2.160429328870694
7743,1.9293383819876893
7744,1.6006026248333096
7745,1.1867353803046092
7746,1.0238712160683061
7747,1.1363840945156365
7748,1.3609218415847104
7749,1.5754924788965197
7750,1.7273409692850366
7751,1.9524295466254484
7752,2.2734579498296057
7753,2.3626262819815
7754,2.47459292927615
7755,2.530910141943904
7756,1.7003848336245355
7757,1.1554725855033052
7758,0.7832308391465181
7759,0.5888730313920713
7760,0.6192963489083627
7761,0.5553866682658519
7762,0.35096508750502525
7763,0.038792166050677736
7764,-0.19022729125938612
7765,-0.7557599190652491
7766,-1.3131935822158947
7767,-1.4080820649507553
7768,-0.8127905585227329
7769,-0.28250613585431184
7770,0.1316406435402515
7771,0.40815016988455155
7772,0.7048546455679764
7773,0.810280461027732
7774,0.7700571648032161
7775,0.8329391880032716
7776,0.48194242952910604
7777,0.3305606869537993
7778,0.025447648182840392
7779,-0.3670797943894462
7780,-0.7607020074435495
7781,-1.126100107681009
7782,-1.5106881660672082
7783,-1.7233682396310948
7784,-1.9976421023515307
7785,-2.122086399533602
7786,-2.2846584033069517
7787,-2.3016785347808293
7788,-2.2417834155414003
7789,-2.1184665208237528
7790,-1.8139168934923264
7791,-1.446827690443023
7792,-1.2591898248259161
7793,-1.1696164315512536
7794,-1.2135133012241706
7795,-1.4227453170711393
7796,-1.6389495994765566
7797,-2.0125927695729176
7798,-2.2827454909794005
7799,-1.5540827031132958
7800,-0.8936940802887872
7801,-0.2834156044120301
7802,0.1260441479581846
7803,0.5197598459318725
7804,0.6329681540810189
7805,0.39963362835899546
7806,0.16862788981451649
7807,0.2516202521681081
7808,0.24766453587369577
7809,0.4487340959643078
7810,0.6146317168169959
7811,1.014833163499727
7812,1.410725213711856
7813,1.6977647817949453
7814,1.9640689631446324
7815,2.226081878543883
7816,2.417372788420475
7817,2.572204683055779
7818,2.5010062084052214
7819,2.4484473903927757
7820,2.2712920306429676
7821,2.202996759625927
7822,1.8260737168864491
7823,1.6437336829363864
7824,1.2526058321430862
7825,0.9010474380769027
7826,0.40224747141755485
7827,-0.15449769001964114
7828,-0.45939084929397134
7829,-0.8354633222543446
7830,-1.3050411908996837
7831,-1.6196571056103726
7832,-1.8716470176823676
7833,-1.9937176289206882
7834,-2.15326263214118
7835,-2.233003142922528
7836,-2.111661594392209
7837,-1.998129620470744
7838,-1.6082440803035793
7839,-1.2329968935240014
7840,-0.8197755907938813
7841,-0.5980647955956498
7842,-0.21283841390236508
7843,0.1960194253656678
7844,0.5331261121451486
7845,0.982517181400365
7846,1.365441822989694
7847,1.7085317253205414
7848,1.997318004933288
7849,2.192572048562811
7850,2.4352029291026227
7851,2.343626480817799
7852,2.1642075267518393
7853,1.9780242096920775
7854,1.7748581535381542
7855,1.2768934356071502
7856,0.8215552195572711
7857,0.36352119803649025
7858,-0.05015143134527883
7859,-0.5074844376995585
7860,-0.8169043511835177
7861,-1.1755809958623327
7862,-1.513628609923971
7863,-1.7418700211287672
7864,-2.0855672399256866
7865,-2.1487615989499496
7866,-1.5652061859420137
7867,-1.009744277430006
7868,-0.8329122140720345
7869,-0.6025154405650297
7870,-0.6163225933223931
7871,-0.556172505363479
7872,-0.8207705529696527
7873,-1.0071660366293578
7874,-1.1842649808436303
7875,-1.4210090902892367
7876,-1.6624520367387998
7877,-2.013617056359614
7878,-2.3175662198184965
7879,-1.4724111150883334
7880,-0.804877973161315
7881,-0.384468263442143
7882,-0.10222935725440084
7883,0.13033787169750638
7884,0.2132508421429211
7885,0.3708480005835124
7886,0.35788100882281354
7887,0.20794943062675977
7888,0.042257438840280936
7889,-0.3504197228076161
7890,-0.7414208153794624
7891,-0.9915635181423947
7892,-1.32961878408599
7893,-1.627078510869016
7894,-1.9718641610425292
7895,-2.061265969546106
7896,-2.137689289893195
7897,-2.209836653192005
7898,-2.214382299508065
7899,-1.9877336715680471
7900,-1.854783069446076
7901,-1.70447421358284
7902,-1.2557158238171082
7903,-0.7763956136760215
7904,-0.44223401976609483
7905,0.14447073638205885
7906,0.5262223149378615
7907,0.854365215511193
7908,1.254995080227327
7909,1.4614822760873307
7910,1.6537571926303432
7911,1.8837333819805602
7912,2.0158088397473
7913,2.128759877097561
7914,1.980953283903019
7915,2.0117939331894834
7916,1.6575357984632322
7917,1.3533103480402333
7918,1.0341393614519059
7919,0.6268466411802506
7920,0.12948701357071596
7921,-0.26872153440923774
7922,-0.6086743566637661
7923,-1.0091938152436772
7924,-1.4232526891672856
7925,-1.6358278449368786
7926,-1.7966020758920644
7927,-1.9971097873685602
7928,-2.0664059200578233
7929,-2.008016802780244
7930,-1.8991186602724885
7931,-1.7422543521585157
7932,-1.487215537268555
7933,-1.186626432621536
7934,-0.865825026915077
7935,-0.5947772007374188
7936,-0.26576409635206133
7937,0.1977083303138319
7938,0.5715017234604886
7939,0.9972470795867395
7940,1.2477689213405503
7941,1.4933951469285813
7942,1.723854167359807
7943,1.7246208578084803
7944,1.7672882026233871
7945,1.749066206640397
7946,1.7123031134570401
7947,1.5530766338615096
7948,1.3113959577867667
7949,1.1913281481253886
7950,1.158788789213372
7951,1.194476283280891
7952,1.3601650636733715
7953,1.6595735943941092
7954,1.8138309121479848
7955,2.176468607218643
7956,2.3539572125544175
7957,2.557879716413674
7958,2.662958966722912
7959,2.7176160641957594
7960,2.5907911463721462
7961,2.4374816557408874
7962,2.1286570658696466
7963,1.8814374690806128
7964,1.637418724721365
7965,1.2657888222853266
7966,0.9456243037796552
7967,0.4816100045125918
7968,-0.012263840312013816
7969,-0.479506877309814
7970,-0.823372580305861
7971,-1.0698782801586932
7972,-1.252447546616637
7973,-1.5065948479057587
7974,-1.6665315088171269
7975,-1.9347194372827239
7976,-2.0775334795327765
7977,-2.088694470408809
7978,-1.8359349003209973
7979,-1.525190475607373
7980,-1.0822416743988956
7981,-0.8581347817909273
7982,-0.5147562220369236
7983,-0.25925581670051323
7984,0.05123710154567597
7985,0.4548542388708958
7986,0.7953914257948794
7987,1.1055241310922044
7988,1.386458503101467
7989,1.7675507760849323
7990,2.023288463169673
7991,2.0206637285202023
7992,2.107928609800219
7993,1.9552267989974816
7994,1.6770965293502396
7995,1.4074924877566335
7996,1.1493921103001776
7997,0.7415247248521558
7998,0.41972737664849724
7999,-0.024700627966348865
8000,-0.3983402489967572
8001,-0.8729973787536037
8002,-1.2322949635646354
8003,-1.6185992582205082
8004,-1.8948607736411476
8005,-1.9309223781527096
8006,-2.104080289109595
8007,-2.2528261038242436
8008,-2.2021402601007334
8009,-2.070704624279414
8010,-1.864484311072689
8011,-1.5538927396103215
8012,-1.2697872707607945
8013,-0.8452071795581892
8014,-0.44911998982158413
8015,-0.13269419993825954
8016,0.3612084489698622
8017,0.7782796381050733
8018,1.1938258155387758
8019,1.4170998961575172
8020,1.7544395262087036
8021,2.1217855047661986
8022,2.108594293272886
8023,2.207998008141027
8024,2.147601702511016
8025,1.9915927896712975
8026,1.8320918325765445
8027,1.5873133456895732
8028,1.3218970370250893
8029,0.8129082256947349
8030,0.4879576078600876
8031,0.06285309797325386
8032,-0.5099914783007118
8033,-0.9454717319283862
8034,-1.290142003623224
8035,-1.634923264284262
8036,-1.8876654085270501
8037,-2.099333901815657
8038,-2.0346247053373534
8039,-1.825737381466218
8040,-1.7431676400483487
8041,-1.6275534599765678
8042,-1.5149950301688058
8043,-1.1407949040935015
8044,-0.7844551637947703
8045,-0.5019317066662388
8046,-0.1791523078390701
8047,0.2258397915324459
8048,0.6391078242549476
8049,1.070046254503536
8050,1.3985316818168192
8051,1.7357575678706967
8052,1.908152351572405
8053,2.0426733464162505
8054,2.205748589725775
8055,2.2275847383201435
8056,2.0999495164031923
8057,1.7290144173213284
8058,1.5077309143040496
8059,1.191087007930444
8060,0.7246978508849755
8061,0.1510466918292099
8062,-0.08918318240975912
8063,-0.5585215398429053
8064,-0.9677761792347802
8065,-1.1082691410523609
8066,-1.5286664963052823
8067,-1.8040137817236408
8068,-1.8912790544912725
8069,-1.8740355880052986
8070,-1.9099656154090687
8071,-1.8012947886322626
8072,-1.7376826221928043
8073,-1.7642218249254116
8074,-1.4016010034672957
8075,-1.0884936703980643
8076,-0.7514317790500168
8077,-0.38509267527275826
8078,0.08850478405803328
8079,0.5504411197747489
8080,0.9330147846912108
8081,1.3175893837189974
8082,1.531269322360611
8083,1.7653353957834905
8084,1.8657423236317483
8085,1.8964859175013349
8086,1.963932294510986
8087,1.9173972292025223
8088,1.7476785573434055
8089,1.5210520170738797
8090,1.2819497234302564
8091,1.0031217595377555
8092,0.6593824271690378
8093,0.16066108124879092
8094,-0.3823953200915551
8095,-0.9429857434822264
8096,-1.346184270695143
8097,-1.8183904232326014
8098,-1.9263433001425376
8099,-2.140694083456753
8100,-2.3620083262283247
8101,-2.4150772463466494
8102,-2.509500214427708
8103,-2.460086577582813
8104,-2.2540571161479432
8105,-1.9930775743723457
8106,-1.6594300724462927
8107,-1.2131003213652165
8108,-0.7029930551285168
8109,-0.25656662534325414
8110,0.26169265854814316
8111,0.6318203487221103
8112,1.1119787369411893
8113,1.450681317197275
8114,1.7902110023672204
8115,1.9452625656881628
8116,2.077258785133692
8117,2.287198337429309
8118,2.22938240051199
8119,2.162327247785724
8120,2.020796128415865
8121,1.7632687045808604
8122,1.4595527633729206
8123,1.004651369606813
8124,0.5050068514593316
8125,-0.012126071126514551
8126,-0.40250202487466047
8127,-0.8082711032805813
8128,-1.157572556875216
8129,-1.5796619058335575
8130,-1.8870576092135043
8131,-1.9907306031656176
8132,-2.0861466664327657
8133,-2.105857134899422
8134,-2.0703769680706174
8135,-1.9926010400729959
8136,-1.6745545445850707
8137,-1.2896754048579449
8138,-0.9675696411454051
8139,-0.747299375106462
8140,-0.34406708765400146
8141,0.19780806093451186
8142,0.5481694160183931
8143,0.9030540204359799
8144,1.3287291966462265
8145,1.588236602411054
8146,1.6801178471987197
8147,1.8686205273911949
8148,1.812792116458188
8149,1.9662623420233125
8150,1.962205981239547
8151,1.894228757247947
8152,1.5787890501459216
8153,1.4134831372698735
8154,1.0379914795263854
8155,0.7294535692042575
8156,0.3182138823012844
8157,-0.06429649486950087
8158,-0.4716626244051678
8159,-0.9244249878399124
8160,-1.4094061428178872
8161,-1.593198777098002
8162,-2.0181993726450864
8163,-2.0732055934329265
8164,-2.0309752509131656
8165,-2.128702392565464
8166,-2.0528520246572968
8167,-1.9743686390701611
8168,-1.743575444576709
8169,-1.3130140682842817
8170,-0.8743762827750814
8171,-0.4243980616172116
8172,-0.04733575407497826
8173,0.1862831659626272
8174,0.5201105419655941
8175,0.9110301043469072
8176,1.1900064505568488
8177,1.572823738583341
8178,1.9283960941736802
8179,2.0762667128492405
8180,2.0034427785713462
8181,2.0757551819358584
8182,1.9515095104875781
8183,1.569761749669899
8184,1.3904627487942838
8185,1.1999671188924932
8186,1.194447821613669
8187,1.2999465917512854
8188,1.491610077208535
8189,1.7223368624362796
8190,1.9761753759186305
8191,2.1255386753734187
8192,2.1678397394305553
8193,2.3039590183771215
8194,2.394010776862147
8195,2.289137307199102
8196,2.204492151278296
8197,2.0651587078187186
8198,1.918690192166816
8199,1.6443713910051192
8200,1.3603140557645963
8201,0.9685857370671388
8202,0.6356452545782285
8203,0.14370482715587185
8204,-0.26950926419380017
8205,-0.6718158775897782
8206,-0.9833310556425864
8207,-1.3642430873069311
8208,-1.5263632015033721
8209,-1.6463624272498794
8210,-1.9080732584988092
8211,-2.0043436657389035
8212,-2.10999140785848
8213,-1.9780105281369136
8214,-1.8495703387543958
8215,-1.5932860622059313
8216,-1.3050329691172684
8217,-0.7195094686184059
8218,-0.3667540383502699
8219,0.0058533253185829755
8220,0.4844847601796855
8221,0.9537555481650626
8222,1.3149120376917394
8223,1.7062331078113393
8224,2.142409469251918
8225,2.25799614555065
8226,2.2439817176159673
8227,2.4457742929598343
8228,2.3867616859853893
8229,2.300963620830192
8230,2.1741597090860125
8231,1.8876124175919806
8232,1.5008596815662547
8233,1.0146126946008571
8234,0.6779595555462764
8235,0.2365789853421854
8236,-0.35745080383640815
8237,-0.6094034288297628
8238,-1.1015108672961933
8239,-1.3542692089296917
8240,-1.6233234795252016
8241,-1.9646928758078748
8242,-2.0835460463127244
8243,-2.134592353854547
8244,-2.1861997819473995
8245,-1.9891128464801704
8246,-1.6898672286121437
8247,-1.4100142726640565
8248,-1.09802239309572
8249,-0.6692359579906898
8250,-0.46968314745255246
8251,-0.057669594981693044
8252,0.3550440331907997
8253,0.7754350879495557
8254,1.0355937694140653
8255,1.2229694312274657
8256,1.4345535307118582
8257,1.6925916414835291
8258,1.7890021989177023
8259,1.750042241726996
8260,1.8622336496153078
8261,1.6900066383299008
8262,1.4728303764880535
8263,1.2896145915294885
8264,0.946593449000531
8265,0.5947245907437784
8266,0.10744697250275285
8267,-0.3053970972299945
8268,-0.5784371384457678
8269,-0.9476249584550797
8270,-1.2883308784462533
8271,-1.6118545926431118
8272,-1.9430439750002462
8273,-1.9889514138448774
8274,-2.064772121556129
8275,-2.102646228786778
8276,-2.1019337565435707
8277,-1.874700226558764
8278,-1.6958621414206485
8279,-1.2623163166651397
8280,-0.9402115718931431
8281,-0.5213818571021342
8282,-0.0642499190897605
8283,0.3782457179182578
8284,0.852974597247345
8285,1.169805874416342
8286,1.4923599452197802
8287,1.8016422986020226
8288,2.11201304212772
8289,2.2677414093895205
8290,2.350992451536362
8291,2.2362935429493733
8292,2.1060570390665343
8293,1.9779112008304847
8294,1.655753706106027
8295,1.318117206556406
8296,0.7803206587093432
8297,0.4172487453910197
8298,-0.0016573973321474672
8299,-0.38590731474840406
8300,-0.8269687598552649
8301,-1.3425718898903014
8302,-1.5837756921211723
8303,-1.8863344296572317
8304,-2.16977112632452
8305,-2.2266707823172838
8306,-2.0814183046945764
8307,-2.079280558653703
8308,-1.9713765237531038
8309,-1.666287303358565
8310,-1.386797098261839
8311,-0.9762774733659524
8312,-0.614531481329158
8313,-0.23700465881273872
8314,-0.658071702555183
8315,-0.9816265668911025
8316,-1.3820207287442834
8317,-1.7137669943040226
8318,-1.8648445276158998
8319,-1.8847938244494258
8320,-2.0013654560811274
8321,-1.9834725662384567
8322,-2.0177232086335684
8323,-1.9513696583975968
8324,-1.7656840123178346
8325,-1.5797911756066634
8326,-1.3020609808316843
8327,-0.8795569912355036
8328,-0.48388951475939745
8329,-0.08181255567194044
8330,0.3215999665891315
8331,0.647814122595304
8332,1.0499478883595241
8333,1.3355373455841364
8334,1.498449414369981
8335,1.643758201663694
8336,1.798204677629508
8337,1.9280481814648456
8338,1.9825662346056048
8339,1.7629059096438104
8340,1.6281805166792034
8341,1.5170714504058689
8342,1.2548976153184257
8343,0.8730926424477103
8344,0.46812367295726265
8345,0.03969284473157515
8346,-0.43317835903493684
8347,-0.7607936118765646
8348,-1.217653719678836
8349,-1.5226626951492357
8350,-1.9089282470459867
8351,-1.9902297827397628
8352,-2.083069084756597
8353,-2.218489588064498
8354,-2.0246471004814626
8355,-1.8917058337236854
8356,-1.7721519557521248
8357,-1.3209172496400552
8358,-1.0112203362694252
8359,-0.6964181512844765
8360,-0.26461109109315956
8361,-0.7007361792543696
8362,-1.077235467652401
8363,-1.2922606314042355
8364,-1.4406085385549494
8365,-1.743169798539019
8366,-1.9266310074186217
8367,-1.970463708647234
8368,-2.080356731365585
8369,-2.1459715637403463
8370,-2.0025300246271014
8371,-1.9384936099033911
8372,-1.7578169332425408
8373,-1.5460845274411925
8374,-1.0529432314561047
8375,-0.6392439354543137
8376,-0.15882409728604907
8377,0.19513233027108218
8378,0.6474602432632097
8379,1.068058026420468
8380,1.556024088337589
8381,1.8594972293663947
8382,2.115590961547305
8383,2.230515363902072
8384,2.057910862941435
8385,2.0575832576236572
8386,1.5330608456975732
8387,1.1784782500883535
8388,0.9574592434711613
8389,0.8878744779080792
8390,0.8910440055276574
8391,1.09404712110721
8392,1.2027619471767583
8393,1.5751235685249998
8394,1.8542229936504864
8395,2.148567667980175
8396,2.2491398174284116
8397,2.3555519067906956
8398,2.4645735268386293
8399,2.4999605637772135
8400,2.518026895373956
8401,2.40063235052588
8402,2.353128058644816
8403,2.000360334504504
8404,1.585737993211247
8405,1.177259039887876
8406,0.7641126887497408
8407,0.43618054872361545
8408,0.022705368858232725
8409,-0.602522216288266
8410,-1.168655408782443
8411,-1.5025212419399048
8412,-1.811743171683605
8413,-2.031554746217079
8414,-2.19093153482522
8415,-2.1267685577705966
8416,-2.0530189844345497
8417,-2.0260148281043375
8418,-1.8702358038951052
8419,-1.6627891348550883
8420,-1.5189987643034866
8421,-1.1809123719383292
8422,-0.8007979266789889
8423,-0.41264719394750093
8424,9.518005182324735e-05
8425,0.42228178870200334
8426,0.8750681579348558
8427,1.1920854975871098
8428,1.6104145450430374
8429,1.7645954713782108
8430,2.015341979961939
8431,2.103823316551754
8432,1.9881730384918002
8433,1.8739668804375718
8434,1.8383128369213269
8435,1.4699268147292142
8436,1.4631006030160147
8437,1.1011264692563998
8438,0.6897862179742852
8439,0.27111763392176086
8440,-0.20924493730516677
8441,-0.8977914359356722
8442,-1.3244552507201826
8443,-1.6256399845299627
8444,-1.8480426845767512
8445,-1.9928874774765006
8446,-2.0719806527780706
8447,-2.0548012348468774
8448,-1.852149112716517
8449,-1.7409514546319538
8450,-1.4709443273188652
8451,-1.1960202467228953
8452,-0.7278521966810453
8453,-0.40783707393522817
8454,-0.05816035189157983
8455,0.40818477544847315
8456,0.8649237596478756
8457,1.1827172607091332
8458,1.5395169399591018
8459,1.8656822791042726
8460,2.1228985428545117
8461,2.2852775583363956
8462,2.205414376113959
8463,2.2578502357577324
8464,2.2250194467221376
8465,2.0822152062422576
8466,1.7979272613582722
8467,1.606465871897721
8468,1.1532798520419587
8469,0.8414546547006566
8470,0.3260228421408027
8471,-0.027450979636905917
8472,-0.5356288391285133
8473,-0.85849382662359
8474,-1.088151041270404
8475,-1.281900481214073
8476,-1.4483682102205344
8477,-1.7704448854755857
8478,-1.8787739442309759
8479,-1.9475512754735669
8480,-2.0730044608254463
8481,-1.898482869961853
8482,-1.557946908171323
8483,-1.2017021676566957
8484,-0.6670458963645918
8485,-0.34669562055499775
8486,0.1887766999696619
8487,0.5624714810683449
8488,0.8579159131819146
8489,1.2442736713324891
8490,1.6080040330723362
8491,1.967986516128765
8492,2.102028272871209
8493,2.2361780668937152
8494,2.26643325767271
8495,2.1866399273108867
8496,2.1899375568853845
8497,2.0134144633298074
8498,1.5468765200970875
8499,1.2459395356924752
8500,0.7454095281847157
8501,0.3732531552377344
8502,-0.14912543509905374
8503,-0.4948180612081817
8504,-1.007032950130215
8505,-1.4190310328471565
8506,-1.6350161398928442
8507,-1.8718191304258256
8508,-2.148027188333967
8509,-2.1010141128514026
8510,-2.1516331799116872
8511,-2.1022254537565144
8512,-1.963054891289588
8513,-1.6807545217358373
8514,-1.4218498095657497
8515,-1.0863876550459304
8516,-0.6038874180852377
8517,-0.12072115708279398
8518,0.26557754564257
8519,0.6541581534093219
8520,0.8406407753020407
8521,1.231141403416761
8522,1.6189164859633856
8523,1.8300640878867958
8524,2.1122649829573636
8525,2.334458927955066
8526,2.1720006783551518
8527,2.013721670892434
8528,1.9591387167264194
8529,1.7783774452907495
8530,1.3214062314703177
8531,0.8482317092747061
8532,0.5282164270875046
8533,0.8122278746045279
8534,1.0705398046039143
8535,1.4702679075732448
8536,1.6854831441583031
8537,1.7700830004030168
8538,2.058533290503121
8539,2.2982964563870967
8540,1.4821750131335316
8541,0.8052442823775895
8542,0.23275247998885937
8543,-0.005452408614156261
8544,-0.08570171637678634
8545,0.024729433810272698
8546,-0.02912736803964948
8547,-0.24501465541816098
8548,-0.45973339221693077
8549,-0.6512134863461725
8550,-0.9369108568364568
8551,-1.1819897065155276
8552,-1.5784130536034964
8553,-1.7858394136011408
8554,-1.9713570260992899
8555,-2.158005275995279
8556,-2.1555786184667265
8557,-2.013786045148118
8558,-1.554266828593865
8559,-1.2762755758827828
8560,-1.0197921300254995
8561,-0.8851111186252973
8562,-0.8637170697206465
8563,-0.989706371193823
8564,-1.2591505064486181
8565,-1.4544510676424178
8566,-1.6671141886274141
8567,-1.9099565564955898
8568,-2.1184624862113433
8569,-2.2779770506152266
8570,-1.464867221061158
8571,-0.8444507118052889
8572,-0.3225064751264253
8573,0.07963288377216354
8574,0.31918952364013226
8575,0.5963632076865701
8576,0.5953990500717965
8577,0.46493329646136733
8578,0.1939362786788137
8579,-0.1269911834111122
8580,-0.4475237912645055
8581,-0.787844150667812
8582,-1.1348034041161656
8583,-1.4076752512503614
8584,-1.6072787725982094
8585,-1.8031455505470513
8586,-1.9580471379422464
8587,-2.164636594730772
8588,-2.1152038463508203
8589,-2.1606468393158536
8590,-2.0285857309407533
8591,-1.8044599967925683
8592,-1.4559041167809676
8593,-1.01033241851944
8594,-0.7122695484691943
8595,-0.3254780340503376
8596,-0.5221520981963605
8597,-0.6885209587824529
8598,-1.0576650402864787
8599,-1.4493974905788694
8600,-1.8339847996109415
8601,-2.182775954794433
8602,-2.370834830236717
8603,-2.357594473334124
8604,-1.5662896449069803
8605,-1.0182198720985838
8606,-0.6938400005150172
8607,-0.4563430589420546
8608,-0.3826686660859315
8609,-0.4442420370127778
8610,-0.5456715162998538
8611,-0.7721880970957657
8612,-0.9879811854440301
8613,-1.2202220301733688
8614,-1.4425664241826748
8615,-1.8393515455825036
8616,-1.9610959101190746
8617,-2.1547479656010724
8618,-2.1304843295172926
8619,-2.1360454959507744
8620,-2.2112405905153416
8621,-2.0835215405561844
8622,-1.8398646272983057
8623,-1.6431917148386392
8624,-1.429949107372368
8625,-1.1624226955242674
8626,-0.8677546850684061
8627,-0.5837103212107667
8628,-0.11559156157560445
8629,0.2646722767587007
8630,0.6583135379264378
8631,1.2133986326289872
8632,1.5717713919851606
8633,1.7516756239600877
8634,2.129261459951446
8635,2.222866349683878
8636,1.9818376828082092
8637,2.104114537637992
8638,2.0560064101507183
8639,1.5970021852101866
8640,1.3273524943640729
8641,0.9682160202726965
8642,0.6479696132073797
8643,0.24419103508336398
8644,-0.22093929105301724
8645,-0.6729115423474068
8646,-0.9678339564951428
8647,-1.3850295328832225
8648,-1.5836960999182408
8649,-1.804289438182858
8650,-2.076173763499784
8651,-2.0345937151010824
8652,-2.0799332016045695
8653,-2.02205443277225
8654,-1.8353904582746177
8655,-1.5652488628138002
8656,-1.207435765630497
8657,-0.749627105861948
8658,-0.275099613379185
8659,0.08216573664923454
8660,0.4517143332452962
8661,0.9269069294341734
8662,1.2049102958396325
8663,1.535074543064639
8664,1.9176282292267215
8665,2.062700468242426
8666,2.0573202562340036
8667,2.0318852882895655
8668,1.9359783644766688
8669,1.754205306848906
8670,1.5578639901643097
8671,1.4920655108521255
8672,1.1973848712331403
8673,0.7993920758456518
8674,0.38219852470826393
8675,-0.09465943419512331
8676,-0.5105251591560658
8677,-0.7872912747579232
8678,-1.151354325931498
8679,-1.390940003174969
8680,-1.589914360297505
8681,-1.6139400755842868
8682,-1.6910870332123409
8683,-0.9392977909552017
8684,-0.46515973511564035
8685,-0.21492866543688843
8686,-0.18576679679382918
8687,-0.12150022785616706
8688,-0.15711499601280324
8689,-0.2769163281650452
8690,-0.7543812386812128
8691,-1.0601522415454967
8692,-1.299269115723421
8693,-1.6078385022206743
8694,-1.9000149592478683
8695,-2.1581199917567466
8696,-2.422690375020786
8697,-2.4483536151921617
8698,-2.494101985066594
8699,-2.444893513090461
8700,-2.297209174770262
8701,-2.016505033689034
8702,-1.705087450835835
8703,-1.3445859381461498
8704,-1.1331829103077518
8705,-0.6103540513579487
8706,-0.027308560298378998
8707,0.40968159111368696
8708,0.7294893175343148
8709,1.0760933690502417
8710,1.3411692687956889
8711,1.7670199958556998
8712,1.9392199741377476
8713,2.0924070628710685
8714,2.1233275512326486
8715,2.13256417804671
8716,1.9416859866885983
8717,1.7663491828824907
8718,1.4683079113695914
8719,1.2409390542243595
8720,0.6937203198540134
8721,0.28402517669140154
8722,-0.03175277159991191
8723,-0.3717848537411131
8724,-0.8949404309248097
8725,-1.1844740821247544
8726,-1.571462055575055
8727,-1.8653585908754002
8728,-1.9508027579691962
8729,-2.0759820292911892
8730,-2.211098960879583
8731,-2.2141818408204315
8732,-2.030062073314643
8733,-1.8090403596493874
8734,-1.5228032383818466
8735,-1.1082725330136587
8736,-0.6787781350502491
8737,-0.9046390818677493
8738,-1.0708068185448534
8739,-1.2985421368307295
8740,-1.552163242795813
8741,-1.8503081725834651
8742,-1.9744684789431877
8743,-2.1786542562714057
8744,-2.3060774256580734
8745,-2.2034360017078587
8746,-2.2435527176330723
8747,-2.1944378837914624
8748,-2.010579806464176
8749,-1.8198430321929788
8750,-1.5560800240938404
8751,-1.0242148458791185
8752,-0.6311573132820417
8753,-0.16944726134407673
8754,0.15392421109304652
8755,0.5160786272081066
8756,1.0730169017753726
8757,1.3350680862739834
8758,1.6633719913902238
8759,1.6792821655196375
8760,1.7415251385561166
8761,1.8261626215175975
8762,1.9171236891791794
8763,1.8356356246556707
8764,1.6548671984764913
8765,1.4690964434452636
8766,1.1769384036650699
8767,0.6819341608901603
8768,0.30304879581655814
8769,-0.12972471491272122
8770,-0.5405527774696357
8771,-0.9577627392000045
8772,-1.3028899731540073
8773,-1.569400301936189
8774,-1.9173272187648984
8775,-2.1359921272342994
8776,-2.167092880535878
8777,-2.1170351796150713
8778,-1.9402796913159879
8779,-1.811845645056544
8780,-1.668993725795653
8781,-1.4423372879271734
8782,-1.096009555729026
8783,-0.7820846464251249
8784,-0.24830787820252334
8785,0.1301186461471394
8786,0.6446012586721316
8787,0.944977951032987
8788,1.2879644238785877
8789,1.569724867453891
8790,1.7092739730434945
8791,1.878975282969284
8792,2.0092347781857227
8793,1.8631659306169766
8794,1.865384790963487
8795,1.7593017656572265
8796,1.542600402153681
8797,1.3192266034155364
8798,1.0375813332236803
8799,0.8624402267978157
8800,0.29871943172989973
8801,-0.012578197879798303
8802,-0.37467198285146075
8803,-0.7715313880294413
8804,-1.230846563101786
8805,-1.5705814846666284
8806,-1.8467896566746267
8807,-2.0062117552262997
8808,-2.016859771402478
8809,-1.3096205531836995
8810,-0.7489221359251405
8811,-0.5493820402626888
8812,-0.4336996817477664
8813,-0.5145490664149732
8814,-0.5289878429740038
8815,-0.6829943062954408
8816,-0.9415460300956786
8817,-1.3251799677784968
8818,-1.5684332760783302
8819,-1.7967408062202403
8820,-2.1618753894515597
8821,-2.4223869391663655
8822,-1.5819906230907121
8823,-0.7856407325389146
8824,-0.2209838402229316
8825,0.07210517003812869
8826,0.22064923638517087
8827,0.22261181941262886
8828,0.1170874518704005
8829,-0.030320551734414822
8830,-0.05811262463869005
8831,-0.36629314323211787
8832,-0.6753156162006003
8833,-1.0908971074691094
8834,-1.3488784499331272
8835,-1.6393167161098277
8836,-1.9215664153227439
8837,-2.1908381907699472
8838,-2.367729189570864
8839,-2.4433112480757684
8840,-2.434489857730093
8841,-2.390578138913512
8842,-2.193167778382115
8843,-1.9028443335261631
8844,-1.5123561313357101
8845,-1.0061724933679566
8846,-0.7591561493696628
8847,-0.298223219862838
8848,0.1121746282718446
8849,0.3813635397226699
8850,0.7568023094347104
8851,1.0131281939213732
8852,1.4122872848435248
8853,1.7192354365399904
8854,1.9089686765027052
8855,1.946571852968675
8856,2.0726715121731205
8857,1.8998671875956088
8858,1.7147629488589684
8859,1.4721148888998439
8860,1.1767231298186511
8861,1.360826039170624
8862,1.545713143597291
8863,1.6919708096655761
8864,1.844952334726878
8865,2.024496809274898
8866,2.268263855866538
8867,2.5214152179976126
8868,2.5511609776578283
8869,2.7749650068709544
8870,2.815598792695368
8871,2.7116068942621983
8872,2.5786395542056724
8873,2.427083926629717
8874,2.2069105687725976
8875,1.8026762740658366
8876,1.4313814043829765
8877,1.041175636526026
8878,0.697616809467766
8879,0.3389639047703876
8880,-0.22569677212578262
8881,-0.6514661783170361
8882,-1.0906950662556858
8883,-1.3882102958648548
8884,-1.479416865435995
8885,-0.7188191970267076
8886,-0.16084450271651807
8887,0.26950285999981827
8888,0.610888623456832
8889,0.7626283028218375
8890,0.6372533180483716
8891,0.6602988347083087
8892,0.4475533521619575
8893,0.19442893436258707
8894,-0.03611333921245467
8895,-0.2269785518540567
8896,-0.656869756435537
8897,-0.9346961651491863
8898,-1.3241247508202685
8899,-1.5951294714949034
8900,-1.9406584773418596
8901,-2.1236036126559767
8902,-2.167078278550381
8903,-2.107122483654813
8904,-1.9776613449408156
8905,-1.7331888040830088
8906,-1.536263839203284
8907,-1.2478944080676408
8908,-0.9014952718966394
8909,-0.5351637272053547
8910,-0.18755558761816493
8911,0.25214625698524273
8912,0.7361766413758577
8913,1.1433726765476429
8914,1.445512765397345
8915,1.7396018688366524
8916,1.9187516326479517
8917,2.110788388986504
8918,2.2366537058331875
8919,2.270987128747426
8920,2.1277242823909406
8921,1.8912707617158617
8922,1.7073514968822838
8923,1.3494815574939654
8924,0.9787118582823592
8925,0.5926210131542617
8926,0.16210556543805132
8927,-0.21183106883964284
8928,-0.7393228654940349
8929,-1.0741569630308476
8930,-1.237691546875772
8931,-1.593207929627426
8932,-1.8367475314470498
8933,-1.9501286911864437
8934,-2.119707106346037
8935,-2.074475171108672
8936,-1.9600682939814609
8937,-1.7491337842925325
8938,-1.4917342216117366
8939,-1.1366647817701454
8940,-0.788942207455651
8941,-0.3691255831807104
8942,0.07877309394892357
8943,0.5872318731775833
8944,1.08051006420913
8945,1.3214961065990978
8946,1.7197459234887762
8947,1.882935832649331
8948,2.0538736364407137
8949,2.028888916727414
8950,1.9047915388547045
8951,2.0433135256419064
8952,1.896386523875487
8953,1.6564272099274564
8954,1.3933115954662032
8955,1.032767292460675
8956,0.7158608763911409
8957,0.3162052687667929
8958,-0.060434080852968385
8959,-0.5460495217794077
8960,-1.0468629865087333
8961,-1.3043629322563424
8962,-1.5702171274083079
8963,-1.8904090472987474
8964,-2.1205898994837917
8965,-2.1607680398673064
8966,-2.0856306565346947
8967,-2.0521713787991867
8968,-1.7390550352921494
8969,-1.4388828247683225
8970,-1.0579662297866337
8971,-0.7123800709341198
8972,-0.3353903068324596
8973,-0.031562256952745435
8974,0.32982855984216963
8975,0.7355987145476856
8976,1.1500987617425054
8977,1.4996414035383319
8978,1.6320985933215877
8979,1.7855404524158365
8980,1.963230747445425
8981,2.063228197147085
8982,2.0091923359789345
8983,1.9550143027957096
8984,1.812083093153348
8985,1.7097513559997801
8986,1.358600212868769
8987,0.9300100421091302
8988,0.44274709246238453
8989,-0.08184059275599004
8990,-0.4408318371135606
8991,-0.7997301159499725
8992,-0.27438118114746096
8993,0.3188464405617479
8994,0.7762618338983237
8995,1.097345245478792
8996,1.1945708990998685
8997,1.3915805404943615
8998,1.5782587682676792
8999,1.4518779894958262
9000,1.3196988122648152
9001,1.1362806040433073
9002,0.6641701332830287
9003,0.7251488687939618
9004,0.8188051808012263
9005,1.218254487447133
9006,1.3007424847831297
9007,1.5672250757266517
9008,1.8577613909172794
9009,2.023285992304677
9010,2.0370252572276657
9011,2.1586318211856974
9012,2.1636843079472574
9013,2.1882874434873836
9014,2.1536692923618195
9015,1.8784345094900639
9016,1.586422680927682
9017,1.2420712086710513
9018,0.9597874229439403
9019,0.575388918899272
9020,0.07239383686134619
9021,-0.24807766625092126
9022,-0.7158700283988411
9023,-1.1286380311965065
9024,-1.5280647682444202
9025,-1.776393995186957
9026,-2.001961714945919
9027,-2.011441590801992
9028,-2.062262230847335
9029,-2.1066672852887103
9030,-1.989700934918435
9031,-1.6700660613090426
9032,-1.5203509093497491
9033,-1.1589914377592088
9034,-0.9365555345901186
9035,-0.4118125085844841
9036,-0.03006234819464615
9037,0.3239192037937547
9038,0.8607171178230154
9039,1.2206124242122067
9040,1.538131244752637
9041,1.7640254896378926
9042,1.9284954562823522
9043,1.902357033564992
9044,2.0009896678789243
9045,1.8587284521995477
9046,1.8321711633006816
9047,1.5551612269348545
9048,1.308353473065476
9049,0.9472167922995984
9050,0.5589147114963314
9051,0.15750092759780623
9052,-0.21196581417886867
9053,-0.4925185082017858
9054,-0.9258551176457975
9055,-1.4402639055017141
9056,-1.62462111093914
9057,-1.8097585178033235
9058,-2.066944413915173
9059,-2.2442480435728993
9060,-2.1982922872886315
9061,-2.0912694973881494
9062,-1.7825940779535023
9063,-1.52329839204376
9064,-1.293852851964574
9065,-1.0180589973116547
9066,-0.6200114233756775
9067,-0.3469560691875774
9068,-0.023040465327345203
9069,0.33440227384133336
9070,0.7148070909675351
9071,1.1027923747566475
9072,1.4798991717768217
9073,1.834632029804294
9074,2.0762468770228617
9075,2.2085081094955803
9076,2.1410664665431502
9077,1.9685521216102886
9078,1.821737370585904
9079,1.6032601107954754
9080,1.1986048695716947
9081,0.824643356924154
9082,0.3651554182826244
9083,-0.15654624796338
9084,-0.5193911209675252
9085,-0.8303067394352025
9086,-1.0616884752787887
9087,-1.4149132683528647
9088,-1.8294917999665423
9089,-1.867974962601103
9090,-1.844942993906048
9091,-1.6809929772457963
9092,-1.5151025215626308
9093,-1.4560273474684153
9094,-1.147047814215352
9095,-0.9237423483976747
9096,-1.0034581491086294
9097,-1.1112636310590285
9098,-1.2456377905816673
9099,-1.3348286263755293
9100,-1.4672597075526193
9101,-1.7234328628633626
9102,-2.0624118412732826
9103,-2.1845614274557152
9104,-2.4498692775042925
9105,-2.5761959672764334
9106,-2.5710191729527634
9107,-2.632697014071816
9108,-2.547977304269861
9109,-2.2438339799554075
9110,-1.9087173754290647
9111,-1.6786907239837308
9112,-1.2632413863611809
9113,-0.981368760328518
9114,-0.4703216414219824
9115,-0.06910112307899383
9116,0.36464935928764125
9117,0.7961819339092253
9118,1.0845071480039024
9119,1.359675726856102
9120,1.76921912605175
9121,1.9189536633389839
9122,2.0240112512082415
9123,2.0426420466029502
9124,2.0668775705675246
9125,1.9535259241571168
9126,1.463040438390797
9127,1.0902076219762447
9128,0.880415438664435
9129,0.6449807637340252
9130,0.12636947324076558
9131,-0.3220966908708657
9132,-0.7359637774182394
9133,-0.1637825657131009
9134,0.41178960841276097
9135,0.8271216716111648
9136,1.12851941026894
9137,1.4370635131978682
9138,1.4271358916324275
9139,1.5166490615838972
9140,1.528227356734434
9141,1.5135121930609055
9142,1.2961536596338072
9143,0.8738789828714563
9144,0.5622824835786387
9145,0.06126981204186632
9146,-0.2721411277905758
9147,-0.5552843604192329
9148,-0.9416132181297775
9149,-1.3086049242886097
9150,-1.548605911143074
9151,-1.775054603872277
9152,-1.9079018081590549
9153,-1.8417166728952443
9154,-1.9426390499053259
9155,-1.8744489177609065
9156,-1.6444324710380949
9157,-1.3506463928516925
9158,-1.0768736720562835
9159,-0.810253934682878
9160,-0.41472948184300085
9161,0.008319867840487376
9162,0.4550722383025919
9163,0.7389435833689538
9164,1.2515145678024433
9165,1.6801910783944172
9166,1.9241547068041738
9167,2.2263019297765565
9168,2.327759771759441
9169,2.4992163297824597
9170,2.4530248999256523
9171,2.2530294634712584
9172,2.2295266821092947
9173,2.0083976796121026
9174,1.639202121607872
9175,1.381054313826533
9176,0.9866409031229136
9177,0.48961664394339616
9178,0.1629237340707723
9179,-0.23785170928095156
9180,-0.6541701787536958
9181,-1.0500183654919455
9182,-1.4578989669991953
9183,-1.8942135861854865
9184,-1.9765754899652561
9185,-2.1355637102595426
9186,-2.1807459241231775
9187,-2.0720939491353323
9188,-1.883382303368948
9189,-1.6774275993984091
9190,-1.2795518154912537
9191,-1.0351457895260996
9192,-0.5500178363328269
9193,-0.13854758775664053
9194,0.22968819448365063
9195,-0.38591486257451224
9196,-0.7994506214428584
9197,-1.271151957914485
9198,-0.6924768289080505
9199,-0.009046684382066794
9200,0.2964086803659791
9201,0.47231971844647835
9202,0.7263523070146164
9203,0.8247284908644511
9204,0.7447114223845107
9205,0.5446408771027662
9206,0.2946934929190461
9207,0.003124638837927518
9208,-0.24702809941319245
9209,-0.5574862751926453
9210,-0.9289680751071874
9211,-1.2884787087462914
9212,-1.5324191737594184
9213,-1.8665588165923628
9214,-2.1937904047981416
9215,-2.2058062830856335
9216,-2.2983917675169354
9217,-2.120977863517148
9218,-2.0874345922254287
9219,-1.9284284861829053
9220,-1.7673473445284342
9221,-1.4380553463741843
9222,-1.1079652563503737
9223,-0.725664315807826
9224,-0.29113353348630133
9225,0.10287020049323128
9226,0.5486353679714957
9227,0.8913099754389845
9228,0.27418135201600413
9229,-0.40028208135296284
9230,-0.9250113637599683
9231,-1.2936522311138932
9232,-1.5729175865460767
9233,-1.7320745031021056
9234,-1.6543208587124771
9235,-1.5571668713610043
9236,-1.3884735140209308
9237,-1.0889068017098176
9238,-0.7311985569271167
9239,-0.4084080777415857
9240,0.07432484696534201
9241,0.4482307029604977
9242,0.8822633751975493
9243,1.1821901083062332
9244,1.5212353615240524
9245,1.8397123553605428
9246,2.073414640593228
9247,2.2187265138570296
9248,2.18539259896704
9249,2.040415063836513
9250,1.8212327911194408
9251,1.6061664666833335
9252,1.3185744884417818
9253,1.0478501377101712
9254,0.6927231929071905
9255,0.20071756859987924
9256,-0.11987836324192273
9257,-0.511059516150427
9258,-0.9642939005141653
9259,-1.363948881157582
9260,-1.5519525214962122
9261,-1.9014011463680962
9262,-1.958302362971044
9263,-2.0943713205868266
9264,-2.1382269770552025
9265,-2.05418094691118
9266,-2.037830563556406
9267,-1.7900087961198976
9268,-1.438967292345719
9269,-1.1367122547117048
9270,-0.7528607313103458
9271,-0.1705090803633655
9272,0.29565637591657384
9273,0.6099129441047498
9274,0.9476121086495017
9275,1.2739136920517409
9276,0.6518686316703051
9277,-0.0030110705127550097
9278,-0.399612401860945
9279,-0.6806643744182012
9280,-0.8973723012311234
9281,-0.924217560633205
9282,-0.9952584999175881
9283,-0.7993417129497367
9284,-0.7599927176614385
9285,-0.5676125429304242
9286,-0.3727966044746715
9287,-0.05443493209325197
9288,0.39746601423823763
9289,0.8113475359733099
9290,1.1848942511231069
9291,1.4385358731321125
9292,1.7072003813566625
9293,2.009289952978453
9294,2.0698240796106298
9295,2.064379399900182
9296,1.987969265077156
9297,1.901706086279134
9298,1.7656021690245642
9299,1.5693974642657145
9300,1.2171636704286932
9301,0.8145366224757987
9302,0.3692849081318398
9303,-0.0033857139989642987
9304,-0.5400101967516274
9305,-0.9395152404110748
9306,-1.3074895911892324
9307,-1.565400619443772
9308,-1.924298210350472
9309,-2.0424861681523896
9310,-2.118748026006604
9311,-2.0086674019874757
9312,-1.8559151244228194
9313,-1.6741546964454674
9314,-1.6630478862464102
9315,-1.4935192717952523
9316,-1.0824541438103652
9317,-0.7297423536795932
9318,-0.20469828445771682
9319,0.19481634025816635
9320,0.6386717452101626
9321,1.0519810803666814
9322,1.3855221930789536
9323,1.7484630741358738
9324,2.018322117678806
9325,2.071303791167348
9326,2.323858585797162
9327,2.2020740478881162
9328,2.0523059565099855
9329,1.936682337309789
9330,1.7247938729547572
9331,1.475738348534604
9332,0.902366796694659
9333,0.5067734987348789
9334,0.1425794949581471
9335,-0.3254309331551819
9336,-0.722894804217258
9337,-0.9883828374302979
9338,-1.436636067141495
9339,-1.6401488077450472
9340,-1.8859005715614254
9341,-2.109317036226984
9342,-2.23600551218389
9343,-2.222214157370045
9344,-2.024011896550499
9345,-1.8118418685177957
9346,-1.6677529680060568
9347,-1.2691026205436196
9348,-0.848474060805419
9349,-0.597843057562309
9350,-0.24300666687084974
9351,0.2912709194862262
9352,0.7007669987725315
9353,1.1558352017218305
9354,1.3056052666416504
9355,1.3990314005884863
9356,1.7005929941160804
9357,1.8134978808749078
9358,1.9484965566520085
9359,2.0073068969332324
9360,1.8475093033592727
9361,1.6532833422099784
9362,1.3710649077736201
9363,1.0111200446431103
9364,0.6735130865731181
9365,0.3497798718785322
9366,-0.12630811648075824
9367,-0.5925607013054037
9368,-1.01939987434904
9369,-1.3183894135982805
9370,-1.5476174428379854
9371,-1.8312818082283595
9372,-2.16345557775155
9373,-2.3257099706278668
9374,-2.3453473389089288
9375,-2.317588099785186
9376,-2.2368058815995293
9377,-1.9665150745002007
9378,-1.4423359980024597
9379,-1.174012265573021
9380,-0.7573522168376221
9381,-0.2959549602967443
9382,0.1745920886605502
9383,0.5780315066896804
9384,0.8678350612344752
9385,1.2985945739874838
9386,0.47708817419525107
9387,-0.08928897153182981
9388,-0.5399110302786823
9389,-0.937078109720968
9390,-0.532859671323554
9391,-0.18400766126985635
9392,-0.038812008213315305
9393,-0.11439779641229891
9394,-0.10789310321745099
9395,-0.11713928715764263
9396,-0.4593982115846416
9397,-0.7336115597745716
9398,-1.0313855456774934
9399,-1.4382299155080405
9400,-0.643729795003653
9401,-0.05368619010922134
9402,0.5147003590397291
9403,0.9254288580400856
9404,1.301139532981378
9405,1.487745609554699
9406,1.512835429197127
9407,1.5220299343481
9408,1.3309444545545648
9409,1.1812707475914557
9410,0.8304819238862334
9411,0.5043768841408107
9412,0.12345526903554203
9413,0.47120720492631335
9414,0.9219083566185812
9415,1.196754139711119
9416,1.5695912293208412
9417,1.9271202528869615
9418,2.184743305582122
9419,2.326464223533214
9420,2.3936780322333484
9421,2.3226020310450295
9422,2.10999602405985
9423,1.9643235182564707
9424,1.8480149366802285
9425,1.6620933069609531
9426,1.177231662818196
9427,0.8962559282220213
9428,0.5002546642073238
9429,0.0806762466459299
9430,-0.2635727802292619
9431,-0.6248694204252836
9432,-1.1094801937303822
9433,-1.5050973211547025
9434,-1.8970980917001115
9435,-2.0319340148602048
9436,-2.1919401426481455
9437,-2.2266943957646155
9438,-2.042227842789279
9439,-1.8460868087947968
9440,-1.5792698801709233
9441,-1.123438631091088
9442,-1.0293786502707665
9443,-0.7040777316665643
9444,-0.3044532287810715
9445,0.06843866687365409
9446,0.5701564143796636
9447,0.9464207598048705
9448,1.213196263247566
9449,1.5452630043580895
9450,1.8178526602542893
9451,1.891735964560548
9452,1.9632771512917022
9453,2.0005264267618865
9454,2.0068855227387026
9455,1.766261620290885
9456,1.5633489918274104
9457,1.2014620386459804
9458,0.8476353692523679
9459,0.3763416569902144
9460,0.015066518834534338
9461,-0.3189450721645328
9462,-0.74297859041602
9463,-1.1438371164194336
9464,-1.5027495941532696
9465,-1.8664861088398768
9466,-1.9927961240117578
9467,-2.017552483201898
9468,-2.128709632496825
9469,-2.070001293910986
9470,-1.907331633898046
9471,-1.7593287809416795
9472,-1.3725297806034293
9473,-1.0426645752693504
9474,-0.7971973291852261
9475,-0.3043434326123288
9476,-0.07522373529044354
9477,0.3518466574313295
9478,0.7324732455716223
9479,1.1664533410979279
9480,1.4449658646171832
9481,1.8199000135583998
9482,2.083424262786247
9483,2.2889114509317365
9484,2.4377833814151657
9485,2.357936435948271
9486,2.1594205227450307
9487,1.847468128653393
9488,1.6538016126866844
9489,1.7018940107013316
9490,1.557522285042408
9491,1.539850409408391
9492,1.7153557068330294
9493,1.7829327854360453
9494,1.875755900612201
9495,2.186913385783135
9496,2.435656775680128
9497,2.494168410994151
9498,2.471386723521813
9499,2.6040911119750514
9500,2.4408920703339563
9501,2.194696015556083
9502,1.9175359103777918
9503,1.6917012096879667
9504,1.5457582307964015
9505,1.101099439598547
9506,0.7738960553667236
9507,0.32896954852988436
9508,-0.2770256073877328
9509,-0.7344652388546831
9510,-1.0299797630898622
9511,-1.2993846620039502
9512,-0.6677168028121611
9513,-0.04497180857545571
9514,0.37206465742795136
9515,0.7035742454875873
9516,0.9810975667297916
9517,0.9775865776386288
9518,0.9002099715789438
9519,0.8680836917907805
9520,0.8055567573051309
9521,0.5617257601879012
9522,0.7793689389104455
9523,1.0878696813125994
9524,1.2981926761097091
9525,1.5708950396644399
9526,1.7083186923633034
9527,1.9077721974222603
9528,2.141016903157823
9529,2.2891657343092686
9530,2.176171051075864
9531,2.1681542905462576
9532,2.1148290197313946
9533,1.9825722808292723
9534,1.6532091202276238
9535,1.4358950604281544
9536,1.2446621937465188
9537,0.9065300387408338
9538,0.46906936934929694
9539,0.14765559546592563
9540,-0.354635578378549
9541,-0.7305502880392243
9542,-1.1237161564011593
9543,-1.3267231028130504
9544,-1.6832071156077388
9545,-1.949137562481923
9546,-1.942311147474223
9547,-1.2936338603298934
9548,-1.4295242893285067
9549,-1.2472938501185507
9550,-1.1727802428833551
9551,-0.9965399044929995
9552,-0.668942370978613
9553,-0.4401384858578133
9554,-0.028567191098649452
9555,0.3371878977288006
9556,0.7281649316018134
9557,1.1590096157802026
9558,1.5454867057994524
9559,1.953004053611584
9560,2.2192227501626265
9561,2.1629669600786716
9562,1.4001642691620777
9563,0.8323163202762593
9564,0.5775493347292652
9565,0.5065051060269886
9566,0.31964855253430813
9567,0.4370907903501864
9568,0.5549323673546385
9569,0.5868399463819818
9570,0.8379603149321949
9571,1.0779191498446974
9572,1.356488760205157
9573,1.662379754365037
9574,1.8748400394886104
9575,2.1192039258013438
9576,2.253394044524576
9577,2.310803339599354
9578,2.363573213299367
9579,2.3066054661183335
9580,1.9700335510756746
9581,1.798936321470715
9582,1.53730372563169
9583,1.28715865000458
9584,0.9120680544332092
9585,0.4567761767061928
9586,-0.029882102135719305
9587,-0.5824347513203711
9588,-0.9646428775854667
9589,-1.3773351448023479
9590,-1.5626587446518552
9591,-1.80690079265231
9592,-2.0682095511683087
9593,-2.301354393237835
9594,-2.408264703014607
9595,-2.2604596790848133
9596,-1.9575456714437456
9597,-1.6715821178166959
9598,-1.3843538803982167
9599,-0.8686657392066474
9600,-0.4377291239135363
9601,-0.028513514560497076
9602,0.33667210958296706
9603,0.8515478763736578
9604,1.1844752216935255
9605,1.4423405751382028
9606,1.719078919261524
9607,1.948389937687778
9608,2.1652356290784627
9609,2.1532074592465023
9610,2.083509140905407
9611,1.9433576977671105
9612,1.7700592113688465
9613,1.449603476371725
9614,1.26586787582704
9615,0.7824668332447557
9616,0.5313449214717109
9617,0.17778341884826981
9618,-0.32321221522312293
9619,-0.7443860879382084
9620,-1.1776080197387992
9621,-1.4340480895500367
9622,-1.596099049632231
9623,-1.5733592831154282
9624,-1.7138462532620828
9625,-1.9365574482072903
9626,-2.0015581210333426
9627,-1.8553596243013069
9628,-1.6854444253825682
9629,-1.3667720374373808
9630,-1.0326325763454345
9631,-0.7492337932809336
9632,-0.37664687049285306
9633,0.1080462155549203
9634,0.5462466173293234
9635,0.9959902393296821
9636,1.238601214378536
9637,1.4897155629871728
9638,1.8519285997879935
9639,1.9297849406399936
9640,2.1031748796648695
9641,2.017573404266976
9642,1.9817729699811242
9643,1.8150932418554346
9644,1.5426104588142926
9645,1.2973131597364962
9646,1.0677161634006138
9647,0.631753330863898
9648,0.0680787043881009
9649,-0.33034391715601946
9650,-0.7871730049091928
9651,-1.0753967251474525
9652,-1.446524824742987
9653,-1.7775790525672543
9654,-2.016935457957479
9655,-2.0607397953284914
9656,-2.099989090590134
9657,-2.179844628460817
9658,-2.1846664755959853
9659,-1.870697612922159
9660,-1.6817184649089782
9661,-1.272055525869725
9662,-0.9355616392584858
9663,-0.6082246761748888
9664,-0.2430995762417269
9665,0.18321561866717806
9666,0.4413800259259855
9667,0.8003689426594791
9668,1.3374287919139451
9669,1.8183450257573464
9670,1.9637022174700731
9671,2.150534268262747
9672,2.2284023199093763
9673,2.0935881314145064
9674,2.040451611146203
9675,1.815189544543578
9676,1.5607436770727614
9677,1.3111281111394268
9678,0.9058414162715323
9679,0.4718768918583926
9680,0.09668758817785035
9681,-0.23269995848269012
9682,-0.6179368913696677
9683,-1.0368238801982554
9684,-1.2913552351309145
9685,-1.5558207678314762
9686,-1.6618366111220293
9687,-1.6784906252168843
9688,-1.7315985508577005
9689,-1.6260244017833914
9690,-1.4440740371014054
9691,-1.3122014410051868
9692,-0.9813059522652123
9693,-0.7054966707196483
9694,-0.32307891674163436
9695,0.02571034012310046
9696,0.27986239701254056
9697,0.8407539254867845
9698,1.2483683688829847
9699,1.6256756447004648
9700,1.8996791165333011
9701,2.211776780910695
9702,2.104985349498941
9703,2.1766193102391895
9704,1.877854087721365
9705,1.8374669296855624
9706,1.631885014098837
9707,1.3625137486851104
9708,1.3156731356755953
9709,1.2594434732176065
9710,1.2184053512913589
9711,1.4451950441030599
9712,1.666422047391651
9713,2.020550876385437
9714,2.142815107208817
9715,2.3815869014451674
9716,2.427331548895027
9717,2.5421473729670505
9718,2.6138630125029785
9719,2.4748037567912555
9720,2.507156447051242
9721,2.422436780362378
9722,2.2284267138427847
9723,1.828676893960971
9724,1.429032039703364
9725,1.127417078344807
9726,0.6994665521307728
9727,0.2398047683241576
9728,-0.09162111246168257
9729,-0.517810529890747
9730,-1.010672203352502
9731,-0.2741553219644808
9732,0.16676189065708819
9733,0.6104265892171118
9734,0.9649410536970411
9735,1.239450887254593
9736,1.2218315043235028
9737,1.051779915737349
9738,0.6277006320258626
9739,0.6642084769107564
9740,0.5490502893129077
9741,0.8158988812600305
9742,1.0757925703210838
9743,1.2077500417894356
9744,1.296545038964353
9745,1.5814927029154768
9746,1.801101070015316
9747,2.1445652173271785
9748,2.3362467786712906
9749,2.443726502463002
9750,2.4657191388713384
9751,2.493671672803035
9752,2.370260218623227
9753,2.3448729536110977
9754,1.9339130030734282
9755,1.587730976825642
9756,1.26743135816813
9757,0.8904717410816969
9758,0.6143156022418574
9759,0.08520759920966572
9760,-0.5758989115730717
9761,-0.8797682128765685
9762,-1.2214288491427512
9763,-1.4474477980946685
9764,-1.672177896624992
9765,-2.045184503365397
9766,-2.0795583114634035
9767,-1.5119286399241834
9768,-1.0789940787971624
9769,-0.7879545176923799
9770,-0.7263659898865289
9771,-0.7395866122199712
9772,-0.719552643203812
9773,-0.7934389609152891
9774,-1.1394850794526192
9775,-1.344363433149925
9776,-1.5142010266241916
9777,-1.756487629880538
9778,-1.9628906261307242
9779,-2.2888587379709833
9780,-2.303414159166742
9781,-2.467301978785568
9782,-2.484873403496131
9783,-2.3180542243793014
9784,-2.0282114567771927
9785,-1.8475205441343083
9786,-1.3825904182983868
9787,-1.0628082277951225
9788,-0.7049148967569937
9789,-0.3968185606378072
9790,-0.005926590466117713
9791,0.4387055217037709
9792,0.8895238414593104
9793,1.296443327176243
9794,1.5702640183949388
9795,1.9464923343838856
9796,2.12383459793591
9797,2.2197349397160404
9798,2.148851432800375
9799,2.151229612573972
9800,2.0036658871488795
9801,1.76257946336753
9802,1.3706036134428619
9803,0.9416680011082283
9804,0.6197983082130567
9805,0.36351656359998713
9806,-0.07636062360704052
9807,-0.5091889023889399
9808,-0.8438494267160064
9809,-1.1066033996348301
9810,-1.4782496643026841
9811,-1.8166267200918702
9812,-1.989042837880019
9813,-2.033456623596688
9814,-2.221551223433834
9815,-2.1544417027479086
9816,-1.985606960071771
9817,-1.7550077771469819
9818,-1.5510462139128711
9819,-1.1965662362751743
9820,-0.7827928602182058
9821,-0.4087654827604109
9822,0.07261456229882418
9823,0.5841575529079831
9824,1.0580046368627618
9825,1.3482308919012063
9826,1.6873106173717733
9827,1.9450363574462632
9828,2.24314860318883
9829,2.3242234865190188
9830,2.324419131289413
9831,2.2809041922742295
9832,1.9612656994847981
9833,1.695548602487291
9834,1.5041177732464053
9835,1.2471080220035256
9836,0.765027002040185
9837,0.0905051268751885
9838,-0.19227230578558646
9839,-0.6392234119980283
9840,-1.0025841281242462
9841,-1.475318158233569
9842,-1.6258837748158272
9843,-1.8647863746239812
9844,-2.1091273618313444
9845,-2.1493568253411626
9846,-2.2913490516302653
9847,-2.073510064426662
9848,-1.7508826912696447
9849,-1.5542330953834924
9850,-1.2907102871154248
9851,-0.8400914668926993
9852,-0.3600341215504938
9853,0.013567417211151775
9854,0.37107603714042625
9855,0.8684979457955928
9856,1.1163247104218448
9857,1.4157077021495668
9858,1.4871470242750235
9859,1.6453723560621807
9860,1.8475760111006931
9861,1.837233788541786
9862,1.9745611229003444
9863,1.9310332942100306
9864,1.6658295030039583
9865,1.4910788231098204
9866,1.3439546724127087
9867,1.3919832930432123
9868,1.4452931214703764
9869,1.530241156912698
9870,1.8040820573248013
9871,1.948792844672955
9872,2.0921012992618313
9873,2.286824848893328
9874,2.4455223005466573
9875,2.429026017249975
9876,2.4882584025672116
9877,2.364718709018894
9878,2.127402902561677
9879,1.9156506687178942
9880,1.6359160960843286
9881,1.1755763103498733
9882,0.8702548700213797
9883,0.6467351310530982
9884,0.2233046891619512
9885,-0.1650831269270539
9886,-0.7193495285826775
9887,-0.9983190884317609
9888,-1.357804254142681
9889,-1.746661516952276
9890,-1.8552406768728547
9891,-2.004655764936133
9892,-1.983393924501231
9893,-1.2276049369764586
9894,-0.9649505536309331
9895,-0.7799128118059057
9896,-0.5973927567324815
9897,-0.6061294130927652
9898,-0.8933513088305389
9899,-1.071101730798169
9900,-1.2864809145082141
9901,-1.5192869543563192
9902,-1.8202478973162615
9903,-1.9170467153623338
9904,-2.2543215410752344
9905,-2.3727816244796505
9906,-2.517812966898102
9907,-2.5965562592922016
9908,-2.436766619581228
9909,-2.3532398123546665
9910,-2.138159363777136
9911,-1.8198585738419109
9912,-1.5163374037079236
9913,-1.0521300516294065
9914,-0.781504736868756
9915,-0.3233759702773909
9916,-0.0652389176952902
9917,0.5439630385047503
9918,0.9666699755235352
9919,1.1770325880490962
9920,1.5380282262722045
9921,1.9138535881537324
9922,2.0394780003236326
9923,2.090236152890734
9924,2.1538575401261344
9925,2.108340750658922
9926,1.939437070026116
9927,1.6336142756203067
9928,1.4067053588608731
9929,1.2687086197685213
9930,1.1752177809958602
9931,1.4258987810663144
9932,1.6728302433043296
9933,1.9264933695771687
9934,2.175365932415757
9935,2.3322234394734602
9936,1.4606119058438105
9937,0.6717850228322508
9938,0.21530685988970555
9939,0.03585587929667247
9940,-0.22775146876807514
9941,-0.3159287041514023
9942,-0.2960068711911609
9943,-0.13264830333387198
9944,-0.09542643393881414
9945,-0.02322626098970701
9946,0.2687906307862353
9947,0.5684546259495135
9948,1.1071409662561353
9949,0.40031767636400856
9950,0.013000896818603253
9951,-0.4968883528592637
9952,-1.00116107337041
9953,-1.1687578705740258
9954,-1.4728187738296679
9955,-1.514045194998165
9956,-1.5362739923960942
9957,-1.324035498354026
9958,-1.1045789813450475
9959,-0.9338337907457306
9960,-0.536557902697121
9961,-0.20138966706918496
9962,0.1317483946518624
9963,0.4995723386868207
9964,0.9428415065450554
9965,1.2584725921582627
9966,1.5269766420482027
9967,1.7405608356444113
9968,1.9971452855004972
9969,2.0946137167734786
9970,2.2664674396445927
9971,2.2367187660498744
9972,2.1987978658224008
9973,2.1329146746157037
9974,2.0045314989150818
9975,1.6849692630763735
9976,1.1318687561011183
9977,0.5734497161911094
9978,0.25802080743949735
9979,-0.2410964316240554
9980,-0.6678977573712982
9981,-0.9459458173508875
9982,-1.3391370830206102
9983,-1.733353074020536
9984,-1.9656497692049772
9985,-2.0354456077740215
9986,-2.1450544376330685
9987,-2.0700387771251627
9988,-2.0745935926558223
9989,-1.94731274111365
9990,-1.6978436542418989
9991,-1.255464584502206
9992,-0.9256179089760392
9993,-0.5669573607592443
9994,-0.18212266134421243
9995,0.307969362743975
9996,0.7960884632975483
9997,1.2742684594124312
9998,1.7618942110603633
9999,2.024840631442709
